row_id,validated_tiv,validation_basis
1,7778655.560010102,synthetic_ground_truth
2,8751319.198259765,synthetic_ground_truth
3,27810257.7654506,synthetic_ground_truth
4,90590905.31164923,synthetic_ground_truth
5,1845570.7047882949,synthetic_ground_truth
6,15129519.388986796,synthetic_ground_truth
7,87070871.55814353,synthetic_ground_truth
8,6021030.243929017,synthetic_ground_truth
9,6389323.588145171,synthetic_ground_truth
10,12941347.732003454,synthetic_ground_truth
11,22035865.365568794,synthetic_ground_truth
12,18797478.549106035,synthetic_ground_truth
13,6939613.114860951,synthetic_ground_truth
14,4700239.562758453,synthetic_ground_truth
15,37778507.730334274,synthetic_ground_truth
16,4840467.11753393,synthetic_ground_truth
17,1751964.4190934675,synthetic_ground_truth
18,2245500.287525671,synthetic_ground_truth
19,6158150.552311168,synthetic_ground_truth
20,43113961.16456538,synthetic_ground_truth
21,3686704.578806326,synthetic_ground_truth
22,60381972.27335063,synthetic_ground_truth
23,48560801.75748509,synthetic_ground_truth
24,13111691.942932254,synthetic_ground_truth
25,846505.1932194288,synthetic_ground_truth
26,3022480.2427993705,synthetic_ground_truth
27,6793194.193414727,synthetic_ground_truth
28,54398984.05358461,synthetic_ground_truth
29,6698075.659019796,synthetic_ground_truth
30,4772569.3577864645,synthetic_ground_truth
31,15705384.636018297,synthetic_ground_truth
32,2636057.3542394205,synthetic_ground_truth
33,9881957.72493511,synthetic_ground_truth
34,4437520.241133152,synthetic_ground_truth
35,187298342.6443829,synthetic_ground_truth
36,4459636.2376351645,synthetic_ground_truth
37,67213747.7175692,synthetic_ground_truth
38,3895472.9740853375,synthetic_ground_truth
39,15413622.888476016,synthetic_ground_truth
40,17981804.400708202,synthetic_ground_truth
41,12117116.384959005,synthetic_ground_truth
42,11659223.84856893,synthetic_ground_truth
43,25623128.94782925,synthetic_ground_truth
44,16638833.15267913,synthetic_ground_truth
45,9437637.065600555,synthetic_ground_truth
46,6535907.056164935,synthetic_ground_truth
47,8519060.571870487,synthetic_ground_truth
48,8974259.113053111,synthetic_ground_truth
49,9766360.317353414,synthetic_ground_truth
50,11886140.352992348,synthetic_ground_truth
51,2745592.969002617,synthetic_ground_truth
52,3770805.566980045,synthetic_ground_truth
53,24185371.746094365,synthetic_ground_truth
54,1024793.441116685,synthetic_ground_truth
55,31957557.974974893,synthetic_ground_truth
56,5706540.358557524,synthetic_ground_truth
57,51290195.74317435,synthetic_ground_truth
58,39845050.65958834,synthetic_ground_truth
59,6987977.501193001,synthetic_ground_truth
60,9471472.284104424,synthetic_ground_truth
61,58299803.98557191,synthetic_ground_truth
62,36668375.466361895,synthetic_ground_truth
63,34884429.35861912,synthetic_ground_truth
64,39018427.1432272,synthetic_ground_truth
65,3538862.9847896583,synthetic_ground_truth
66,11848217.799521318,synthetic_ground_truth
67,4840697.990857929,synthetic_ground_truth
68,3642403.2650439576,synthetic_ground_truth
69,12380995.03916165,synthetic_ground_truth
70,7307496.370747429,synthetic_ground_truth
71,10828159.939865915,synthetic_ground_truth
72,7630169.39115481,synthetic_ground_truth
73,3251906.5211101226,synthetic_ground_truth
74,54724173.74409259,synthetic_ground_truth
75,11496899.10745022,synthetic_ground_truth
76,2299152.173414117,synthetic_ground_truth
77,13846830.625552127,synthetic_ground_truth
78,50752207.22064894,synthetic_ground_truth
79,26925662.82735981,synthetic_ground_truth
80,7437458.358526702,synthetic_ground_truth
81,6696511.976458266,synthetic_ground_truth
82,4143613.186202484,synthetic_ground_truth
83,5269070.275222829,synthetic_ground_truth
84,5782661.878658057,synthetic_ground_truth
85,2526692.149032011,synthetic_ground_truth
86,6856098.115763832,synthetic_ground_truth
87,17696713.6125262,synthetic_ground_truth
88,7725279.179995114,synthetic_ground_truth
89,13732571.13593954,synthetic_ground_truth
90,56128313.96049131,synthetic_ground_truth
91,61960417.88201638,synthetic_ground_truth
92,9090292.171378748,synthetic_ground_truth
93,24200747.050799374,synthetic_ground_truth
94,9223697.099845378,synthetic_ground_truth
95,5989073.185534773,synthetic_ground_truth
96,3488814.7475709883,synthetic_ground_truth
97,11165078.623173015,synthetic_ground_truth
98,35262304.528195724,synthetic_ground_truth
99,3050928.7335717804,synthetic_ground_truth
100,7813949.919064898,synthetic_ground_truth
101,7300440.403219389,synthetic_ground_truth
102,16040719.609212345,synthetic_ground_truth
103,12993455.153714769,synthetic_ground_truth
104,17915909.612883165,synthetic_ground_truth
105,79622097.75427914,synthetic_ground_truth
106,5289332.914760353,synthetic_ground_truth
107,5331722.335645841,synthetic_ground_truth
108,13199905.497822693,synthetic_ground_truth
109,45341645.56019496,synthetic_ground_truth
110,2572773.4063011315,synthetic_ground_truth
111,15014732.794348309,synthetic_ground_truth
112,9034018.412914608,synthetic_ground_truth
113,25685210.769971065,synthetic_ground_truth
114,18225777.733377043,synthetic_ground_truth
115,12944399.055410763,synthetic_ground_truth
116,17563206.178045753,synthetic_ground_truth
117,5707622.3299794085,synthetic_ground_truth
118,26538745.705477253,synthetic_ground_truth
119,49580295.59540106,synthetic_ground_truth
120,11709696.866495494,synthetic_ground_truth
121,7738832.590924404,synthetic_ground_truth
122,8908116.03958895,synthetic_ground_truth
123,26228963.792654805,synthetic_ground_truth
124,10719293.90369608,synthetic_ground_truth
125,3155078.794316348,synthetic_ground_truth
126,25680899.71168929,synthetic_ground_truth
127,4244538.319225472,synthetic_ground_truth
128,15106546.4784603,synthetic_ground_truth
129,1655309.06242735,synthetic_ground_truth
130,12304332.840689432,synthetic_ground_truth
131,11952814.93029682,synthetic_ground_truth
132,1539119.5670393284,synthetic_ground_truth
133,15015004.517831923,synthetic_ground_truth
134,3423888.252612763,synthetic_ground_truth
135,12646776.487395853,synthetic_ground_truth
136,8159311.265473841,synthetic_ground_truth
137,2326980.87790482,synthetic_ground_truth
138,4136048.406098621,synthetic_ground_truth
139,4618930.494138615,synthetic_ground_truth
140,31351784.10772932,synthetic_ground_truth
141,22897348.287102044,synthetic_ground_truth
142,104539203.30300444,synthetic_ground_truth
143,6700557.691684715,synthetic_ground_truth
144,5856641.961528424,synthetic_ground_truth
145,12441282.35903475,synthetic_ground_truth
146,7926979.24793622,synthetic_ground_truth
147,6416906.955631419,synthetic_ground_truth
148,10181867.854215937,synthetic_ground_truth
149,19687923.009414643,synthetic_ground_truth
150,1242060.8179367145,synthetic_ground_truth
151,5778416.251913478,synthetic_ground_truth
152,3083377.387112647,synthetic_ground_truth
153,9056957.02222697,synthetic_ground_truth
154,18718056.52612603,synthetic_ground_truth
155,33141446.3354238,synthetic_ground_truth
156,7125646.126336329,synthetic_ground_truth
157,11383789.79374227,synthetic_ground_truth
158,1959255.9024248363,synthetic_ground_truth
159,5340706.703772698,synthetic_ground_truth
160,13545540.7761519,synthetic_ground_truth
161,2521845.448326692,synthetic_ground_truth
162,36273652.5620544,synthetic_ground_truth
163,18644067.26002984,synthetic_ground_truth
164,4463206.585912596,synthetic_ground_truth
165,2292622.652675995,synthetic_ground_truth
166,4883538.697033741,synthetic_ground_truth
167,4135873.0117009874,synthetic_ground_truth
168,3380340.527705157,synthetic_ground_truth
169,3107414.7941214456,synthetic_ground_truth
170,7668524.445793733,synthetic_ground_truth
171,23825162.329374697,synthetic_ground_truth
172,4736915.812222145,synthetic_ground_truth
173,19041298.222931,synthetic_ground_truth
174,7460854.792500356,synthetic_ground_truth
175,18382220.713612225,synthetic_ground_truth
176,4660413.017346823,synthetic_ground_truth
177,15120441.509786924,synthetic_ground_truth
178,11019651.880673831,synthetic_ground_truth
179,43406815.84816072,synthetic_ground_truth
180,18732660.032357823,synthetic_ground_truth
181,13720976.006505605,synthetic_ground_truth
182,2667478.8605315606,synthetic_ground_truth
183,6141014.420911988,synthetic_ground_truth
184,4866663.555851097,synthetic_ground_truth
185,4724333.807797094,synthetic_ground_truth
186,10834619.917004734,synthetic_ground_truth
187,14623937.260059694,synthetic_ground_truth
188,13350546.03727582,synthetic_ground_truth
189,42989717.54064185,synthetic_ground_truth
190,19442123.73201428,synthetic_ground_truth
191,3248642.710846623,synthetic_ground_truth
192,11943032.535199698,synthetic_ground_truth
193,20278011.90336364,synthetic_ground_truth
194,41939929.44128346,synthetic_ground_truth
195,9289695.327519804,synthetic_ground_truth
196,8989030.978740854,synthetic_ground_truth
197,32599973.83283377,synthetic_ground_truth
198,15281795.159794856,synthetic_ground_truth
199,2255787.6755801537,synthetic_ground_truth
200,1603766.7217871351,synthetic_ground_truth
201,61359777.58650496,synthetic_ground_truth
202,2208944.1596138347,synthetic_ground_truth
203,10865122.980753325,synthetic_ground_truth
204,26859591.92515896,synthetic_ground_truth
205,1843853.7719413,synthetic_ground_truth
206,3652147.381471264,synthetic_ground_truth
207,3505342.6337583493,synthetic_ground_truth
208,59203360.78128599,synthetic_ground_truth
209,83442318.05969176,synthetic_ground_truth
210,5463383.117807272,synthetic_ground_truth
211,19976250.94024116,synthetic_ground_truth
212,13766874.23054196,synthetic_ground_truth
213,8000624.68155369,synthetic_ground_truth
214,2067144.724036431,synthetic_ground_truth
215,97564095.35435931,synthetic_ground_truth
216,1696705.9132041545,synthetic_ground_truth
217,13696735.994262436,synthetic_ground_truth
218,5403710.607097972,synthetic_ground_truth
219,33608656.3870694,synthetic_ground_truth
220,30164439.113464028,synthetic_ground_truth
221,4076634.856998427,synthetic_ground_truth
222,6025422.559679788,synthetic_ground_truth
223,2190735.421356929,synthetic_ground_truth
224,14079472.868087996,synthetic_ground_truth
225,25268999.86122839,synthetic_ground_truth
226,8020839.337849813,synthetic_ground_truth
227,10084184.0680879,synthetic_ground_truth
228,71404498.14270122,synthetic_ground_truth
229,25643763.9747669,synthetic_ground_truth
230,42493454.05669072,synthetic_ground_truth
231,1048969.715903308,synthetic_ground_truth
232,19689060.698615894,synthetic_ground_truth
233,13196442.65261626,synthetic_ground_truth
234,3058516.2723457976,synthetic_ground_truth
235,3409589.768049347,synthetic_ground_truth
236,9671513.341709089,synthetic_ground_truth
237,2836573.3675978803,synthetic_ground_truth
238,4793714.874485302,synthetic_ground_truth
239,7560491.452291695,synthetic_ground_truth
240,17608193.03117948,synthetic_ground_truth
241,5790720.037992781,synthetic_ground_truth
242,6257494.928550918,synthetic_ground_truth
243,26781584.176293485,synthetic_ground_truth
244,1916707.211747624,synthetic_ground_truth
245,13282782.377073117,synthetic_ground_truth
246,15183648.041036231,synthetic_ground_truth
247,16013933.389859391,synthetic_ground_truth
248,6464309.724244223,synthetic_ground_truth
249,3981925.86161202,synthetic_ground_truth
250,48683870.33125484,synthetic_ground_truth
251,4558045.914723807,synthetic_ground_truth
252,3235567.637563371,synthetic_ground_truth
253,12260325.634708092,synthetic_ground_truth
254,4817052.57655049,synthetic_ground_truth
255,31104117.31644782,synthetic_ground_truth
256,8308807.2013444975,synthetic_ground_truth
257,39945244.98817565,synthetic_ground_truth
258,16133782.174189337,synthetic_ground_truth
259,7135753.75795124,synthetic_ground_truth
260,37843126.1727684,synthetic_ground_truth
261,5276272.756593034,synthetic_ground_truth
262,8105783.737308526,synthetic_ground_truth
263,17324386.14381416,synthetic_ground_truth
264,13119624.216609322,synthetic_ground_truth
265,5568758.299452448,synthetic_ground_truth
266,2322779.0204466786,synthetic_ground_truth
267,10210380.470350465,synthetic_ground_truth
268,4955428.258493544,synthetic_ground_truth
269,13053068.370193714,synthetic_ground_truth
270,6759118.339741739,synthetic_ground_truth
271,6082821.801455141,synthetic_ground_truth
272,8320872.573894967,synthetic_ground_truth
273,9101437.831820711,synthetic_ground_truth
274,21471468.371559974,synthetic_ground_truth
275,14789009.109017566,synthetic_ground_truth
276,103953428.72769906,synthetic_ground_truth
277,11443985.537689611,synthetic_ground_truth
278,5840537.153107694,synthetic_ground_truth
279,9209560.900153011,synthetic_ground_truth
280,17856151.642300725,synthetic_ground_truth
281,34915374.62279257,synthetic_ground_truth
282,39355306.46657983,synthetic_ground_truth
283,3754245.548433181,synthetic_ground_truth
284,40303424.394451216,synthetic_ground_truth
285,10808002.114474958,synthetic_ground_truth
286,4761732.362060795,synthetic_ground_truth
287,8522116.652779078,synthetic_ground_truth
288,39663562.845148265,synthetic_ground_truth
289,15879517.12428322,synthetic_ground_truth
290,3619423.934023599,synthetic_ground_truth
291,3272337.9085831167,synthetic_ground_truth
292,3327775.350504672,synthetic_ground_truth
293,5278274.465896959,synthetic_ground_truth
294,12709927.501584494,synthetic_ground_truth
295,3261930.351897248,synthetic_ground_truth
296,7421419.508275605,synthetic_ground_truth
297,39802357.5381177,synthetic_ground_truth
298,56994974.8692888,synthetic_ground_truth
299,45384534.92804674,synthetic_ground_truth
300,1729131.054640941,synthetic_ground_truth
301,59038348.47653701,synthetic_ground_truth
302,13663793.811297383,synthetic_ground_truth
303,12162059.513226964,synthetic_ground_truth
304,33521794.96574744,synthetic_ground_truth
305,22348145.027501583,synthetic_ground_truth
306,1856501.1868488232,synthetic_ground_truth
307,5706846.845287229,synthetic_ground_truth
308,7561511.892141908,synthetic_ground_truth
309,2704713.1120192013,synthetic_ground_truth
310,27843424.21257028,synthetic_ground_truth
311,46219368.475964814,synthetic_ground_truth
312,11811197.725716624,synthetic_ground_truth
313,14527366.853138678,synthetic_ground_truth
314,11788662.341083238,synthetic_ground_truth
315,11296051.44282,synthetic_ground_truth
316,38553796.55085038,synthetic_ground_truth
317,1732203.49841756,synthetic_ground_truth
318,19494779.57927137,synthetic_ground_truth
319,10208891.039617926,synthetic_ground_truth
320,4887037.013464704,synthetic_ground_truth
321,6500385.386319194,synthetic_ground_truth
322,69205383.00998539,synthetic_ground_truth
323,2871200.6894152146,synthetic_ground_truth
324,9111381.962117,synthetic_ground_truth
325,56913899.98140799,synthetic_ground_truth
326,3452907.59252954,synthetic_ground_truth
327,6983594.853069552,synthetic_ground_truth
328,10076801.275297362,synthetic_ground_truth
329,14823450.768430298,synthetic_ground_truth
330,9260013.680956522,synthetic_ground_truth
331,4539532.490040113,synthetic_ground_truth
332,19217643.391988367,synthetic_ground_truth
333,9235474.692030486,synthetic_ground_truth
334,18091153.970959287,synthetic_ground_truth
335,24493418.3129254,synthetic_ground_truth
336,2382621.1627497952,synthetic_ground_truth
337,31143514.34266765,synthetic_ground_truth
338,8557263.143669618,synthetic_ground_truth
339,29922101.803321403,synthetic_ground_truth
340,17362382.791319743,synthetic_ground_truth
341,80326538.84898359,synthetic_ground_truth
342,11089654.1016257,synthetic_ground_truth
343,8504430.206798505,synthetic_ground_truth
344,5930282.50067599,synthetic_ground_truth
345,3599088.068927679,synthetic_ground_truth
346,27315275.04785733,synthetic_ground_truth
347,4228003.099822051,synthetic_ground_truth
348,22778527.20023696,synthetic_ground_truth
349,8724310.732143141,synthetic_ground_truth
350,1818217.7979048323,synthetic_ground_truth
351,50343732.74867962,synthetic_ground_truth
352,350220.3905108411,synthetic_ground_truth
353,9912693.044440657,synthetic_ground_truth
354,12620246.951833265,synthetic_ground_truth
355,971292.0823877384,synthetic_ground_truth
356,16693626.398373645,synthetic_ground_truth
357,5246459.159223791,synthetic_ground_truth
358,8995235.101512253,synthetic_ground_truth
359,39711978.75679781,synthetic_ground_truth
360,14252787.946554516,synthetic_ground_truth
361,7598605.227913784,synthetic_ground_truth
362,9162874.433397872,synthetic_ground_truth
363,69037896.20679021,synthetic_ground_truth
364,14449004.47553726,synthetic_ground_truth
365,4536739.916004637,synthetic_ground_truth
366,6465754.637357562,synthetic_ground_truth
367,3808422.705081752,synthetic_ground_truth
368,6397181.095992686,synthetic_ground_truth
369,51221707.90820913,synthetic_ground_truth
370,9027093.425808745,synthetic_ground_truth
371,3143012.398310336,synthetic_ground_truth
372,19074054.507620543,synthetic_ground_truth
373,7177794.41550689,synthetic_ground_truth
374,19061619.562668476,synthetic_ground_truth
375,7652617.3435272705,synthetic_ground_truth
376,45649097.04404692,synthetic_ground_truth
377,5060147.7520916285,synthetic_ground_truth
378,3704558.1689237487,synthetic_ground_truth
379,25491668.43990122,synthetic_ground_truth
380,1356806.607053786,synthetic_ground_truth
381,8249083.667081626,synthetic_ground_truth
382,22351941.359073352,synthetic_ground_truth
383,1282981.2868227556,synthetic_ground_truth
384,11389331.84920613,synthetic_ground_truth
385,2730806.079603619,synthetic_ground_truth
386,1549567.2250503895,synthetic_ground_truth
387,3690460.863397604,synthetic_ground_truth
388,8924491.280901812,synthetic_ground_truth
389,5130192.310152701,synthetic_ground_truth
390,33498526.093187213,synthetic_ground_truth
391,11746423.494891552,synthetic_ground_truth
392,6460527.834170923,synthetic_ground_truth
393,2843062.514590477,synthetic_ground_truth
394,12140101.133348484,synthetic_ground_truth
395,86904219.72387499,synthetic_ground_truth
396,4996644.389901903,synthetic_ground_truth
397,6364212.393284867,synthetic_ground_truth
398,3850625.405134809,synthetic_ground_truth
399,35485381.2350356,synthetic_ground_truth
400,32438817.700486943,synthetic_ground_truth
401,6865712.50053918,synthetic_ground_truth
402,5915781.927717121,synthetic_ground_truth
403,4019744.046006548,synthetic_ground_truth
404,9852104.899822518,synthetic_ground_truth
405,29358173.39822917,synthetic_ground_truth
406,13033872.00925141,synthetic_ground_truth
407,34856867.04022531,synthetic_ground_truth
408,5780378.428533912,synthetic_ground_truth
409,1239822.5998109698,synthetic_ground_truth
410,143400916.44072226,synthetic_ground_truth
411,13178965.699007591,synthetic_ground_truth
412,24148219.58612167,synthetic_ground_truth
413,4901164.582391139,synthetic_ground_truth
414,2490409.846272894,synthetic_ground_truth
415,12427872.887021028,synthetic_ground_truth
416,1385395.228786654,synthetic_ground_truth
417,7642232.688011115,synthetic_ground_truth
418,31792475.57345806,synthetic_ground_truth
419,15133188.96520384,synthetic_ground_truth
420,15262423.49173912,synthetic_ground_truth
421,56121269.93379237,synthetic_ground_truth
422,14426029.460984947,synthetic_ground_truth
423,1989606.978143402,synthetic_ground_truth
424,9640183.582025772,synthetic_ground_truth
425,88949100.88871635,synthetic_ground_truth
426,7318366.700925884,synthetic_ground_truth
427,63735701.17204596,synthetic_ground_truth
428,29295993.81255553,synthetic_ground_truth
429,7214419.802890328,synthetic_ground_truth
430,3615545.630366626,synthetic_ground_truth
431,15292638.322025232,synthetic_ground_truth
432,36977269.43015109,synthetic_ground_truth
433,2780652.972614809,synthetic_ground_truth
434,12248220.953379665,synthetic_ground_truth
435,1510944.5416196592,synthetic_ground_truth
436,7250557.514489202,synthetic_ground_truth
437,2442494.387274049,synthetic_ground_truth
438,17473474.496186294,synthetic_ground_truth
439,5143979.936754526,synthetic_ground_truth
440,33770444.136972964,synthetic_ground_truth
441,6106219.778167399,synthetic_ground_truth
442,5837777.4845548095,synthetic_ground_truth
443,1992558.2801619484,synthetic_ground_truth
444,19180580.303998973,synthetic_ground_truth
445,16546308.520671722,synthetic_ground_truth
446,28338489.857077915,synthetic_ground_truth
447,19250024.457060102,synthetic_ground_truth
448,15552716.791326055,synthetic_ground_truth
449,20126508.6816948,synthetic_ground_truth
450,20162136.664864816,synthetic_ground_truth
451,31226942.02993583,synthetic_ground_truth
452,2257872.403548264,synthetic_ground_truth
453,7561471.799728899,synthetic_ground_truth
454,2103535.502891356,synthetic_ground_truth
455,13824646.030529149,synthetic_ground_truth
456,54375132.32484728,synthetic_ground_truth
457,29712640.935296755,synthetic_ground_truth
458,5851389.562680798,synthetic_ground_truth
459,19136986.39011438,synthetic_ground_truth
460,13925834.237920508,synthetic_ground_truth
461,12323822.679894095,synthetic_ground_truth
462,3334527.2556881416,synthetic_ground_truth
463,36486563.59900348,synthetic_ground_truth
464,3702943.100320925,synthetic_ground_truth
465,7760373.594935661,synthetic_ground_truth
466,30419697.033567,synthetic_ground_truth
467,7130293.132292948,synthetic_ground_truth
468,11993407.09165716,synthetic_ground_truth
469,12509568.682418434,synthetic_ground_truth
470,12191599.085453523,synthetic_ground_truth
471,12221032.363310115,synthetic_ground_truth
472,14145235.283321194,synthetic_ground_truth
473,13682263.400489964,synthetic_ground_truth
474,4829666.736624608,synthetic_ground_truth
475,2113862.9057327006,synthetic_ground_truth
476,28090184.76877556,synthetic_ground_truth
477,31186462.76286938,synthetic_ground_truth
478,14404613.131994676,synthetic_ground_truth
479,16750091.71295998,synthetic_ground_truth
480,4461147.616225648,synthetic_ground_truth
481,913638.8504483912,synthetic_ground_truth
482,8356045.523543182,synthetic_ground_truth
483,1608014.8843012846,synthetic_ground_truth
484,13462768.589994766,synthetic_ground_truth
485,38309124.28039606,synthetic_ground_truth
486,6392363.828010151,synthetic_ground_truth
487,6048339.873624011,synthetic_ground_truth
488,4520353.647797392,synthetic_ground_truth
489,10525929.950345598,synthetic_ground_truth
490,9776882.364862328,synthetic_ground_truth
491,3724817.306768225,synthetic_ground_truth
492,25055218.33032651,synthetic_ground_truth
493,175558709.1039985,synthetic_ground_truth
494,32492598.635533877,synthetic_ground_truth
495,8798136.546620626,synthetic_ground_truth
496,8640692.546016868,synthetic_ground_truth
497,6861672.604534553,synthetic_ground_truth
498,6320795.132014837,synthetic_ground_truth
499,25130631.071051363,synthetic_ground_truth
500,27422717.763866752,synthetic_ground_truth
501,3467823.990607974,synthetic_ground_truth
502,16807526.992598083,synthetic_ground_truth
503,29473071.60982749,synthetic_ground_truth
504,7421140.284807263,synthetic_ground_truth
505,9153890.106149249,synthetic_ground_truth
506,19589264.092737854,synthetic_ground_truth
507,26201328.749582317,synthetic_ground_truth
508,16401060.68236707,synthetic_ground_truth
509,15231999.476317177,synthetic_ground_truth
510,15442120.267988976,synthetic_ground_truth
511,8237080.002014752,synthetic_ground_truth
512,3190767.89736956,synthetic_ground_truth
513,2338958.7522361325,synthetic_ground_truth
514,21372408.70996859,synthetic_ground_truth
515,11514478.437779523,synthetic_ground_truth
516,15763824.755105944,synthetic_ground_truth
517,5451031.2801163,synthetic_ground_truth
518,12126006.570947709,synthetic_ground_truth
519,13260210.323052596,synthetic_ground_truth
520,41550126.83573217,synthetic_ground_truth
521,25422739.98017784,synthetic_ground_truth
522,6273481.468036732,synthetic_ground_truth
523,18916181.336588807,synthetic_ground_truth
524,5438375.486753512,synthetic_ground_truth
525,765955.7565427027,synthetic_ground_truth
526,60580972.251764655,synthetic_ground_truth
527,7315805.087812833,synthetic_ground_truth
528,27375065.69968955,synthetic_ground_truth
529,5423337.537646342,synthetic_ground_truth
530,4850927.155867072,synthetic_ground_truth
531,6545198.43426642,synthetic_ground_truth
532,15352062.155359486,synthetic_ground_truth
533,15040676.822733294,synthetic_ground_truth
534,18954902.93628796,synthetic_ground_truth
535,6171292.20064858,synthetic_ground_truth
536,12938044.975819916,synthetic_ground_truth
537,4629160.562345976,synthetic_ground_truth
538,46356167.93385038,synthetic_ground_truth
539,2935448.0539200427,synthetic_ground_truth
540,5151934.652614334,synthetic_ground_truth
541,6524843.728047598,synthetic_ground_truth
542,112212299.3951332,synthetic_ground_truth
543,22032434.25673553,synthetic_ground_truth
544,4543539.829420337,synthetic_ground_truth
545,25317622.59328444,synthetic_ground_truth
546,17306934.19051414,synthetic_ground_truth
547,13966839.600384643,synthetic_ground_truth
548,19821414.833017875,synthetic_ground_truth
549,12918951.230013335,synthetic_ground_truth
550,15154500.060189933,synthetic_ground_truth
551,2564677.831581128,synthetic_ground_truth
552,47239849.60131452,synthetic_ground_truth
553,7146555.161994648,synthetic_ground_truth
554,3025135.673530616,synthetic_ground_truth
555,6629136.2959229695,synthetic_ground_truth
556,6777327.8318737885,synthetic_ground_truth
557,4684914.710608449,synthetic_ground_truth
558,24648822.104266018,synthetic_ground_truth
559,33464907.070775904,synthetic_ground_truth
560,1571034.5141892177,synthetic_ground_truth
561,7090710.278825026,synthetic_ground_truth
562,6517411.086577437,synthetic_ground_truth
563,8232395.999763284,synthetic_ground_truth
564,53368835.439642414,synthetic_ground_truth
565,4825181.428692005,synthetic_ground_truth
566,48920064.51699834,synthetic_ground_truth
567,9850041.527978064,synthetic_ground_truth
568,48546172.26839444,synthetic_ground_truth
569,8368810.883597634,synthetic_ground_truth
570,7877552.546829194,synthetic_ground_truth
571,12990857.369323147,synthetic_ground_truth
572,41879082.483654775,synthetic_ground_truth
573,12864758.941218551,synthetic_ground_truth
574,14195466.475091891,synthetic_ground_truth
575,20729041.34541177,synthetic_ground_truth
576,4549647.167700658,synthetic_ground_truth
577,14234652.573100738,synthetic_ground_truth
578,5299302.422589584,synthetic_ground_truth
579,46497427.3032984,synthetic_ground_truth
580,16431403.067196373,synthetic_ground_truth
581,21500783.00448243,synthetic_ground_truth
582,1263956.1000059128,synthetic_ground_truth
583,22655216.463785097,synthetic_ground_truth
584,10721887.36149555,synthetic_ground_truth
585,2724064.942980391,synthetic_ground_truth
586,10636250.9942304,synthetic_ground_truth
587,2107369.7122402,synthetic_ground_truth
588,18058719.50026644,synthetic_ground_truth
589,42899585.01124173,synthetic_ground_truth
590,2186662.866206092,synthetic_ground_truth
591,11391719.773339802,synthetic_ground_truth
592,10358406.905244911,synthetic_ground_truth
593,1461600.2016557308,synthetic_ground_truth
594,24404241.311289005,synthetic_ground_truth
595,20025366.8042145,synthetic_ground_truth
596,80592398.87853152,synthetic_ground_truth
597,18096278.128157496,synthetic_ground_truth
598,4347451.392488479,synthetic_ground_truth
599,16713429.07146706,synthetic_ground_truth
600,47234889.28982124,synthetic_ground_truth
601,6788163.409174837,synthetic_ground_truth
602,28951962.85983261,synthetic_ground_truth
603,925459.15607881,synthetic_ground_truth
604,44858753.37713946,synthetic_ground_truth
605,24365497.50268757,synthetic_ground_truth
606,791963.3845464822,synthetic_ground_truth
607,18276624.848452657,synthetic_ground_truth
608,1518389.4291413063,synthetic_ground_truth
609,5495968.513048049,synthetic_ground_truth
610,19991047.60824847,synthetic_ground_truth
611,8568346.634120554,synthetic_ground_truth
612,41657292.351821415,synthetic_ground_truth
613,11465750.613707248,synthetic_ground_truth
614,10732193.209604925,synthetic_ground_truth
615,30235179.505552653,synthetic_ground_truth
616,7649348.500542724,synthetic_ground_truth
617,10165686.959505806,synthetic_ground_truth
618,11456519.27183028,synthetic_ground_truth
619,11501751.713950926,synthetic_ground_truth
620,38728592.63578744,synthetic_ground_truth
621,6252718.749626723,synthetic_ground_truth
622,5026589.536939129,synthetic_ground_truth
623,3508223.97501241,synthetic_ground_truth
624,1287652.5974705429,synthetic_ground_truth
625,48579407.68317593,synthetic_ground_truth
626,4731772.499415392,synthetic_ground_truth
627,8444561.894220296,synthetic_ground_truth
628,62404964.54874745,synthetic_ground_truth
629,10745872.889854047,synthetic_ground_truth
630,16745416.368128275,synthetic_ground_truth
631,2382790.7051437846,synthetic_ground_truth
632,40660896.28874745,synthetic_ground_truth
633,10628707.122095412,synthetic_ground_truth
634,3838617.5315859504,synthetic_ground_truth
635,3728851.855311279,synthetic_ground_truth
636,63105046.29031684,synthetic_ground_truth
637,6873215.887050904,synthetic_ground_truth
638,4542437.307404994,synthetic_ground_truth
639,7486295.26340524,synthetic_ground_truth
640,10143208.501906851,synthetic_ground_truth
641,14758837.663806131,synthetic_ground_truth
642,16272540.065001473,synthetic_ground_truth
643,12279808.501456425,synthetic_ground_truth
644,20633999.756660104,synthetic_ground_truth
645,9115612.349613745,synthetic_ground_truth
646,100486601.99522026,synthetic_ground_truth
647,7461216.748743844,synthetic_ground_truth
648,38518224.237494215,synthetic_ground_truth
649,6015833.311533441,synthetic_ground_truth
650,2627318.8203413184,synthetic_ground_truth
651,2394022.750915622,synthetic_ground_truth
652,17196524.16976346,synthetic_ground_truth
653,31257592.12951044,synthetic_ground_truth
654,3104029.030172917,synthetic_ground_truth
655,4639435.334688994,synthetic_ground_truth
656,16285470.60386739,synthetic_ground_truth
657,9917996.60731629,synthetic_ground_truth
658,5767884.903157441,synthetic_ground_truth
659,3267529.011753916,synthetic_ground_truth
660,13728956.308349334,synthetic_ground_truth
661,22161104.338992894,synthetic_ground_truth
662,18216837.995240755,synthetic_ground_truth
663,10175096.377595387,synthetic_ground_truth
664,3799818.079344122,synthetic_ground_truth
665,13266427.980512314,synthetic_ground_truth
666,13263548.112298343,synthetic_ground_truth
667,3193834.875776641,synthetic_ground_truth
668,9010674.189413674,synthetic_ground_truth
669,16494811.466966525,synthetic_ground_truth
670,9349291.955884894,synthetic_ground_truth
671,1353647.1861752796,synthetic_ground_truth
672,5749296.417968621,synthetic_ground_truth
673,5930398.962618362,synthetic_ground_truth
674,20558953.807482813,synthetic_ground_truth
675,141394643.71490824,synthetic_ground_truth
676,11576549.894066984,synthetic_ground_truth
677,2910285.153611538,synthetic_ground_truth
678,8980170.97844785,synthetic_ground_truth
679,12340529.303297332,synthetic_ground_truth
680,21595981.46881088,synthetic_ground_truth
681,37457438.03044757,synthetic_ground_truth
682,40280882.351144046,synthetic_ground_truth
683,19263002.26147176,synthetic_ground_truth
684,11166810.544113452,synthetic_ground_truth
685,47640183.7606414,synthetic_ground_truth
686,8162275.589941996,synthetic_ground_truth
687,13259316.586674675,synthetic_ground_truth
688,10263671.335058972,synthetic_ground_truth
689,1173598.3605191065,synthetic_ground_truth
690,37141369.39105216,synthetic_ground_truth
691,20000391.98407789,synthetic_ground_truth
692,1093094.4635040164,synthetic_ground_truth
693,29979067.74219504,synthetic_ground_truth
694,8134436.365566527,synthetic_ground_truth
695,27703305.02646876,synthetic_ground_truth
696,13915461.277057642,synthetic_ground_truth
697,2681038.5282374164,synthetic_ground_truth
698,11124553.070686612,synthetic_ground_truth
699,4485291.773836523,synthetic_ground_truth
700,3590415.9082318284,synthetic_ground_truth
701,25168843.88658425,synthetic_ground_truth
702,14781516.263142908,synthetic_ground_truth
703,48540645.92124658,synthetic_ground_truth
704,8032339.725723723,synthetic_ground_truth
705,3981499.286975466,synthetic_ground_truth
706,20034487.758091178,synthetic_ground_truth
707,5570260.368295434,synthetic_ground_truth
708,7986111.376480053,synthetic_ground_truth
709,16427905.820629263,synthetic_ground_truth
710,9422781.932875942,synthetic_ground_truth
711,7707160.445785713,synthetic_ground_truth
712,2402528.312044494,synthetic_ground_truth
713,28687442.451446936,synthetic_ground_truth
714,7360273.681997798,synthetic_ground_truth
715,18828160.233103827,synthetic_ground_truth
716,16571415.246583736,synthetic_ground_truth
717,29080010.65033398,synthetic_ground_truth
718,8564116.717894379,synthetic_ground_truth
719,7048418.287620565,synthetic_ground_truth
720,3398978.05498068,synthetic_ground_truth
721,6537732.135399479,synthetic_ground_truth
722,16096002.97192509,synthetic_ground_truth
723,5519811.47041029,synthetic_ground_truth
724,13499153.919278927,synthetic_ground_truth
725,51216773.63808354,synthetic_ground_truth
726,6515837.451720754,synthetic_ground_truth
727,3006776.565641311,synthetic_ground_truth
728,8013193.42025268,synthetic_ground_truth
729,2341899.677072733,synthetic_ground_truth
730,38580237.20316532,synthetic_ground_truth
731,11996452.057555478,synthetic_ground_truth
732,4827154.981016547,synthetic_ground_truth
733,6130769.140156947,synthetic_ground_truth
734,3025770.873538149,synthetic_ground_truth
735,28597779.236304738,synthetic_ground_truth
736,69593520.48903605,synthetic_ground_truth
737,2224685.0654374408,synthetic_ground_truth
738,36524654.53778098,synthetic_ground_truth
739,7562256.314032452,synthetic_ground_truth
740,36007161.048176855,synthetic_ground_truth
741,1636712.8072476687,synthetic_ground_truth
742,12244236.127853882,synthetic_ground_truth
743,8207435.248371575,synthetic_ground_truth
744,22793996.069407232,synthetic_ground_truth
745,11567133.847899588,synthetic_ground_truth
746,11871847.310581936,synthetic_ground_truth
747,9701386.528155755,synthetic_ground_truth
748,47043195.82060427,synthetic_ground_truth
749,8484917.330802832,synthetic_ground_truth
750,27802222.79806724,synthetic_ground_truth
751,19358190.17994366,synthetic_ground_truth
752,25810222.833670635,synthetic_ground_truth
753,4308137.045329667,synthetic_ground_truth
754,24988295.14426004,synthetic_ground_truth
755,14882932.420696566,synthetic_ground_truth
756,3067976.6178345387,synthetic_ground_truth
757,8903734.197854742,synthetic_ground_truth
758,106827264.97597148,synthetic_ground_truth
759,6561784.97392143,synthetic_ground_truth
760,6688419.969148103,synthetic_ground_truth
761,19581860.66977457,synthetic_ground_truth
762,6178307.026317993,synthetic_ground_truth
763,12749809.160258025,synthetic_ground_truth
764,8088539.447544951,synthetic_ground_truth
765,14853856.24618902,synthetic_ground_truth
766,9087122.93125988,synthetic_ground_truth
767,73609336.88865337,synthetic_ground_truth
768,12832856.138421658,synthetic_ground_truth
769,8884576.369179651,synthetic_ground_truth
770,30047998.08622168,synthetic_ground_truth
771,2746831.390552688,synthetic_ground_truth
772,68905438.30030546,synthetic_ground_truth
773,4367822.85336919,synthetic_ground_truth
774,39442732.33437038,synthetic_ground_truth
775,52732640.002073824,synthetic_ground_truth
776,6154269.596107543,synthetic_ground_truth
777,7120142.851889938,synthetic_ground_truth
778,8943662.34161305,synthetic_ground_truth
779,20599577.664450847,synthetic_ground_truth
780,3868468.893627397,synthetic_ground_truth
781,9234137.379120342,synthetic_ground_truth
782,8455121.512007,synthetic_ground_truth
783,3582307.590450078,synthetic_ground_truth
784,3704933.4509834666,synthetic_ground_truth
785,11189579.869371025,synthetic_ground_truth
786,10727816.29757961,synthetic_ground_truth
787,4664977.013106417,synthetic_ground_truth
788,10918368.498632548,synthetic_ground_truth
789,5815589.119714995,synthetic_ground_truth
790,38916042.97767536,synthetic_ground_truth
791,9246269.098908588,synthetic_ground_truth
792,33482310.013097648,synthetic_ground_truth
793,1874807.3976964236,synthetic_ground_truth
794,15374057.323437274,synthetic_ground_truth
795,20157881.173117395,synthetic_ground_truth
796,9325183.724354647,synthetic_ground_truth
797,6091090.21812792,synthetic_ground_truth
798,9358026.9590962,synthetic_ground_truth
799,21259557.01723762,synthetic_ground_truth
800,3036585.190877989,synthetic_ground_truth
801,20008406.621572677,synthetic_ground_truth
802,13760671.419314366,synthetic_ground_truth
803,9344802.591595331,synthetic_ground_truth
804,8813538.757327747,synthetic_ground_truth
805,10214734.859241031,synthetic_ground_truth
806,53986728.31845319,synthetic_ground_truth
807,15871832.70879753,synthetic_ground_truth
808,3981591.987079338,synthetic_ground_truth
809,8612156.803433977,synthetic_ground_truth
810,4127513.358126188,synthetic_ground_truth
811,1876002.0192313755,synthetic_ground_truth
812,3661998.3988954183,synthetic_ground_truth
813,14193907.186882636,synthetic_ground_truth
814,36522174.98048459,synthetic_ground_truth
815,27936668.937489543,synthetic_ground_truth
816,3147098.933816435,synthetic_ground_truth
817,4495252.019455669,synthetic_ground_truth
818,4339875.675012604,synthetic_ground_truth
819,889498.3908827394,synthetic_ground_truth
820,10668700.404175466,synthetic_ground_truth
821,21574153.513167474,synthetic_ground_truth
822,8382017.565291353,synthetic_ground_truth
823,3482773.47443937,synthetic_ground_truth
824,5378122.900614218,synthetic_ground_truth
825,7732064.702432151,synthetic_ground_truth
826,26906281.998356983,synthetic_ground_truth
827,8157069.801595677,synthetic_ground_truth
828,18372383.148514017,synthetic_ground_truth
829,9241214.133625388,synthetic_ground_truth
830,14359588.765787428,synthetic_ground_truth
831,4971165.847463958,synthetic_ground_truth
832,6516158.184518063,synthetic_ground_truth
833,3196339.3631322784,synthetic_ground_truth
834,20500683.846780844,synthetic_ground_truth
835,8726968.822465973,synthetic_ground_truth
836,331586.6452116436,synthetic_ground_truth
837,17626303.71563529,synthetic_ground_truth
838,28748389.363299448,synthetic_ground_truth
839,4893109.36189074,synthetic_ground_truth
840,16868141.62615557,synthetic_ground_truth
841,9855769.575851476,synthetic_ground_truth
842,1491545.8765267318,synthetic_ground_truth
843,75295716.0573807,synthetic_ground_truth
844,8048665.37923306,synthetic_ground_truth
845,12381736.34158367,synthetic_ground_truth
846,5984979.542319981,synthetic_ground_truth
847,8242405.619051824,synthetic_ground_truth
848,12209462.307168528,synthetic_ground_truth
849,3801180.534583106,synthetic_ground_truth
850,53878558.186981134,synthetic_ground_truth
851,23379791.335879505,synthetic_ground_truth
852,19010342.68325705,synthetic_ground_truth
853,10847261.88162428,synthetic_ground_truth
854,4621669.414319567,synthetic_ground_truth
855,27045203.801719207,synthetic_ground_truth
856,19518690.968453445,synthetic_ground_truth
857,7004171.452726233,synthetic_ground_truth
858,3246873.310474044,synthetic_ground_truth
859,2238526.226968486,synthetic_ground_truth
860,10576087.048916372,synthetic_ground_truth
861,9285147.615922848,synthetic_ground_truth
862,34930834.485156,synthetic_ground_truth
863,30151110.461092137,synthetic_ground_truth
864,10267761.137515971,synthetic_ground_truth
865,9535288.48020022,synthetic_ground_truth
866,3120281.398490401,synthetic_ground_truth
867,28275188.30206261,synthetic_ground_truth
868,9561820.2731289,synthetic_ground_truth
869,20301522.83254768,synthetic_ground_truth
870,41744052.55991554,synthetic_ground_truth
871,5993637.021631978,synthetic_ground_truth
872,4844580.802284172,synthetic_ground_truth
873,121985789.1297784,synthetic_ground_truth
874,20351096.66708079,synthetic_ground_truth
875,7642849.476573895,synthetic_ground_truth
876,33621334.68471716,synthetic_ground_truth
877,8086352.659059169,synthetic_ground_truth
878,16330982.492701003,synthetic_ground_truth
879,7421574.738145147,synthetic_ground_truth
880,9987462.513441697,synthetic_ground_truth
881,7337014.965686367,synthetic_ground_truth
882,5093631.16058882,synthetic_ground_truth
883,15801169.098763254,synthetic_ground_truth
884,6746793.607749587,synthetic_ground_truth
885,19419974.80238227,synthetic_ground_truth
886,8334086.150855328,synthetic_ground_truth
887,1786391.4346381645,synthetic_ground_truth
888,24790604.108709164,synthetic_ground_truth
889,20643669.53467105,synthetic_ground_truth
890,105522930.02717052,synthetic_ground_truth
891,9799392.83919574,synthetic_ground_truth
892,14892306.234624136,synthetic_ground_truth
893,16180944.625370117,synthetic_ground_truth
894,28276966.107971147,synthetic_ground_truth
895,31574691.54520855,synthetic_ground_truth
896,17160118.84776132,synthetic_ground_truth
897,11690964.88013366,synthetic_ground_truth
898,27260380.651857696,synthetic_ground_truth
899,10114063.801559173,synthetic_ground_truth
900,3598775.630632851,synthetic_ground_truth
901,2263712.556873639,synthetic_ground_truth
902,8295292.3516989555,synthetic_ground_truth
903,12043920.42786082,synthetic_ground_truth
904,115788909.13617525,synthetic_ground_truth
905,9623889.942289392,synthetic_ground_truth
906,10997807.173036598,synthetic_ground_truth
907,6608761.897451215,synthetic_ground_truth
908,22818247.23345537,synthetic_ground_truth
909,16791049.12853593,synthetic_ground_truth
910,5914292.667033478,synthetic_ground_truth
911,4134521.071451079,synthetic_ground_truth
912,6620109.229761208,synthetic_ground_truth
913,4364711.697145983,synthetic_ground_truth
914,7887812.420415536,synthetic_ground_truth
915,12178686.727502355,synthetic_ground_truth
916,6203734.9372311225,synthetic_ground_truth
917,49864239.785534,synthetic_ground_truth
918,34692709.129762545,synthetic_ground_truth
919,8856379.17962393,synthetic_ground_truth
920,3780691.243772818,synthetic_ground_truth
921,9961812.619705888,synthetic_ground_truth
922,10026104.347637512,synthetic_ground_truth
923,11578703.274395876,synthetic_ground_truth
924,7568862.818848219,synthetic_ground_truth
925,3738841.0057641193,synthetic_ground_truth
926,10009146.81405194,synthetic_ground_truth
927,7645014.305470197,synthetic_ground_truth
928,8984599.538963644,synthetic_ground_truth
929,11789152.681768088,synthetic_ground_truth
930,9080498.352163516,synthetic_ground_truth
931,11472391.596154116,synthetic_ground_truth
932,8276561.353349979,synthetic_ground_truth
933,15646092.392156385,synthetic_ground_truth
934,4842817.138028991,synthetic_ground_truth
935,3531411.5557866893,synthetic_ground_truth
936,4534511.704542754,synthetic_ground_truth
937,5058475.949947398,synthetic_ground_truth
938,2703531.103896771,synthetic_ground_truth
939,1868109.553084929,synthetic_ground_truth
940,21660277.23170691,synthetic_ground_truth
941,35230068.23392216,synthetic_ground_truth
942,17101412.61594434,synthetic_ground_truth
943,6906721.022336156,synthetic_ground_truth
944,1838216.1790784704,synthetic_ground_truth
945,13603351.548546758,synthetic_ground_truth
946,2103235.6645222446,synthetic_ground_truth
947,10873066.07521398,synthetic_ground_truth
948,4621457.666024982,synthetic_ground_truth
949,987268.4845670476,synthetic_ground_truth
950,53896421.53644602,synthetic_ground_truth
951,3019270.950036081,synthetic_ground_truth
952,7343385.765344495,synthetic_ground_truth
953,9159466.397782844,synthetic_ground_truth
954,6941849.988398593,synthetic_ground_truth
955,17650586.54993192,synthetic_ground_truth
956,5303794.852992797,synthetic_ground_truth
957,16323241.394935064,synthetic_ground_truth
958,15860661.222319188,synthetic_ground_truth
959,2653523.1423918805,synthetic_ground_truth
960,13835179.308180746,synthetic_ground_truth
961,4265468.234692611,synthetic_ground_truth
962,3371658.816527952,synthetic_ground_truth
963,15432766.98100909,synthetic_ground_truth
964,7358141.982691783,synthetic_ground_truth
965,14486587.018088205,synthetic_ground_truth
966,15573607.10094928,synthetic_ground_truth
967,2855150.957021896,synthetic_ground_truth
968,23196269.476660445,synthetic_ground_truth
969,15133792.622608336,synthetic_ground_truth
970,5953958.837953207,synthetic_ground_truth
971,9677186.59353992,synthetic_ground_truth
972,22262908.214723896,synthetic_ground_truth
973,7674840.558735382,synthetic_ground_truth
974,81481826.42714785,synthetic_ground_truth
975,43089006.76367658,synthetic_ground_truth
976,10827754.27621792,synthetic_ground_truth
977,8249968.125563484,synthetic_ground_truth
978,10348496.055055903,synthetic_ground_truth
979,5340931.040862601,synthetic_ground_truth
980,11209044.940656103,synthetic_ground_truth
981,19940173.226861916,synthetic_ground_truth
982,2859885.538127945,synthetic_ground_truth
983,21910443.66675116,synthetic_ground_truth
984,26410708.521739405,synthetic_ground_truth
985,21054298.9398079,synthetic_ground_truth
986,9652801.188384345,synthetic_ground_truth
987,18205369.797374032,synthetic_ground_truth
988,42219633.42626462,synthetic_ground_truth
989,9240567.293642454,synthetic_ground_truth
990,10088027.579770016,synthetic_ground_truth
991,91385814.65854809,synthetic_ground_truth
992,13697955.832664443,synthetic_ground_truth
993,3703405.2167856176,synthetic_ground_truth
994,29181922.14683737,synthetic_ground_truth
995,15388834.80966116,synthetic_ground_truth
996,5262489.05051307,synthetic_ground_truth
997,3372352.781443377,synthetic_ground_truth
998,12255525.109576313,synthetic_ground_truth
999,9736966.616997955,synthetic_ground_truth
1000,3080297.1899107327,synthetic_ground_truth
1001,10580930.585708007,synthetic_ground_truth
1002,9171149.014103075,synthetic_ground_truth
1003,9840038.249867637,synthetic_ground_truth
1004,18405419.889606938,synthetic_ground_truth
1005,1817888.9132952108,synthetic_ground_truth
1006,3374242.099929236,synthetic_ground_truth
1007,6976104.709876074,synthetic_ground_truth
1008,37056205.13238106,synthetic_ground_truth
1009,130694856.06479508,synthetic_ground_truth
1010,12646710.054029992,synthetic_ground_truth
1011,10811560.131440546,synthetic_ground_truth
1012,847051.145690425,synthetic_ground_truth
1013,26387913.226174094,synthetic_ground_truth
1014,18936192.676115677,synthetic_ground_truth
1015,14313796.742838653,synthetic_ground_truth
1016,2791769.415667242,synthetic_ground_truth
1017,72962024.23605391,synthetic_ground_truth
1018,49375044.32274834,synthetic_ground_truth
1019,13736152.525018202,synthetic_ground_truth
1020,26035366.341432743,synthetic_ground_truth
1021,11432922.4442273,synthetic_ground_truth
1022,25331889.914931845,synthetic_ground_truth
1023,3292503.4102244657,synthetic_ground_truth
1024,1326376.6972741203,synthetic_ground_truth
1025,2864883.4368643467,synthetic_ground_truth
1026,4682098.878138916,synthetic_ground_truth
1027,5664892.276643292,synthetic_ground_truth
1028,16612582.937770717,synthetic_ground_truth
1029,7811111.426741025,synthetic_ground_truth
1030,9632207.231646355,synthetic_ground_truth
1031,3202697.7869536253,synthetic_ground_truth
1032,2988829.0028480403,synthetic_ground_truth
1033,12105973.396361267,synthetic_ground_truth
1034,5701846.102112858,synthetic_ground_truth
1035,10214601.241057228,synthetic_ground_truth
1036,18599829.137393218,synthetic_ground_truth
1037,50674002.60739813,synthetic_ground_truth
1038,10790449.993635625,synthetic_ground_truth
1039,77065699.34423679,synthetic_ground_truth
1040,16311992.5850321,synthetic_ground_truth
1041,24944077.14552609,synthetic_ground_truth
1042,34147962.42163531,synthetic_ground_truth
1043,22895468.27002727,synthetic_ground_truth
1044,4713389.1811790615,synthetic_ground_truth
1045,28837019.92841631,synthetic_ground_truth
1046,9202612.108601425,synthetic_ground_truth
1047,16638837.323898956,synthetic_ground_truth
1048,12261780.353207378,synthetic_ground_truth
1049,30786001.23058062,synthetic_ground_truth
1050,16250048.679506777,synthetic_ground_truth
1051,3111199.535584404,synthetic_ground_truth
1052,93489505.57075948,synthetic_ground_truth
1053,22658388.544287663,synthetic_ground_truth
1054,6050511.570716847,synthetic_ground_truth
1055,3161578.0996394684,synthetic_ground_truth
1056,31493494.50611734,synthetic_ground_truth
1057,3824524.0439938,synthetic_ground_truth
1058,25626097.34367303,synthetic_ground_truth
1059,32380067.182059083,synthetic_ground_truth
1060,5602300.58409586,synthetic_ground_truth
1061,5537244.655274011,synthetic_ground_truth
1062,6414316.509952243,synthetic_ground_truth
1063,4401523.483401186,synthetic_ground_truth
1064,13035493.087361924,synthetic_ground_truth
1065,16221633.29776652,synthetic_ground_truth
1066,20076787.40239729,synthetic_ground_truth
1067,4360859.159445918,synthetic_ground_truth
1068,26095669.239325933,synthetic_ground_truth
1069,3656386.473888959,synthetic_ground_truth
1070,23543059.500049468,synthetic_ground_truth
1071,2358946.732705714,synthetic_ground_truth
1072,52630833.45932638,synthetic_ground_truth
1073,6713838.608538072,synthetic_ground_truth
1074,19794234.421125308,synthetic_ground_truth
1075,19180472.962163687,synthetic_ground_truth
1076,2785319.850878776,synthetic_ground_truth
1077,22354197.39480652,synthetic_ground_truth
1078,6413220.08115832,synthetic_ground_truth
1079,7258486.963470848,synthetic_ground_truth
1080,5442910.789993118,synthetic_ground_truth
1081,67697880.0241027,synthetic_ground_truth
1082,3356309.4142162944,synthetic_ground_truth
1083,17757604.199786823,synthetic_ground_truth
1084,5899123.51929738,synthetic_ground_truth
1085,39563960.00247175,synthetic_ground_truth
1086,109899410.22688778,synthetic_ground_truth
1087,6203347.162045076,synthetic_ground_truth
1088,12119474.62966495,synthetic_ground_truth
1089,8520164.871150598,synthetic_ground_truth
1090,34501252.13072449,synthetic_ground_truth
1091,8495044.360853262,synthetic_ground_truth
1092,24188091.525318325,synthetic_ground_truth
1093,8804579.881654214,synthetic_ground_truth
1094,105441834.6850122,synthetic_ground_truth
1095,1074548.4574465596,synthetic_ground_truth
1096,14595513.510876032,synthetic_ground_truth
1097,12641694.292609336,synthetic_ground_truth
1098,12423250.620145747,synthetic_ground_truth
1099,14333453.988410044,synthetic_ground_truth
1100,12775673.999507291,synthetic_ground_truth
1101,12141765.04866005,synthetic_ground_truth
1102,16062500.997212898,synthetic_ground_truth
1103,61085549.26510657,synthetic_ground_truth
1104,624941.0289143743,synthetic_ground_truth
1105,63036571.496687576,synthetic_ground_truth
1106,137613690.1735848,synthetic_ground_truth
1107,2071468.0368277277,synthetic_ground_truth
1108,11077770.889762826,synthetic_ground_truth
1109,40740329.61261587,synthetic_ground_truth
1110,26808855.916418213,synthetic_ground_truth
1111,54067393.16885601,synthetic_ground_truth
1112,14472556.959201653,synthetic_ground_truth
1113,1382075.1693812893,synthetic_ground_truth
1114,47185370.62210325,synthetic_ground_truth
1115,23668399.956272755,synthetic_ground_truth
1116,49129498.065417886,synthetic_ground_truth
1117,2565279.975164439,synthetic_ground_truth
1118,3877776.420583337,synthetic_ground_truth
1119,11521848.254537452,synthetic_ground_truth
1120,39703091.62575066,synthetic_ground_truth
1121,63399700.818052046,synthetic_ground_truth
1122,4878544.833591664,synthetic_ground_truth
1123,7163855.782249474,synthetic_ground_truth
1124,185968424.23450089,synthetic_ground_truth
1125,5904455.808635959,synthetic_ground_truth
1126,21577914.781658277,synthetic_ground_truth
1127,6963332.384052303,synthetic_ground_truth
1128,15524280.617869329,synthetic_ground_truth
1129,4176072.085580427,synthetic_ground_truth
1130,4759982.766264799,synthetic_ground_truth
1131,7787466.421435369,synthetic_ground_truth
1132,6199683.45677626,synthetic_ground_truth
1133,7355129.824913685,synthetic_ground_truth
1134,20000077.74287076,synthetic_ground_truth
1135,75658257.77336429,synthetic_ground_truth
1136,5536373.857337895,synthetic_ground_truth
1137,4493592.79040718,synthetic_ground_truth
1138,10114560.629367013,synthetic_ground_truth
1139,4621341.372398344,synthetic_ground_truth
1140,2005918.195557184,synthetic_ground_truth
1141,36248450.17514252,synthetic_ground_truth
1142,10560997.097975925,synthetic_ground_truth
1143,14113933.40302945,synthetic_ground_truth
1144,1505140.734805616,synthetic_ground_truth
1145,6180911.015881856,synthetic_ground_truth
1146,2895782.81872704,synthetic_ground_truth
1147,12629228.099037604,synthetic_ground_truth
1148,11939770.979199834,synthetic_ground_truth
1149,14100851.653841972,synthetic_ground_truth
1150,5006473.646862078,synthetic_ground_truth
1151,4475852.29000749,synthetic_ground_truth
1152,8378795.69834364,synthetic_ground_truth
1153,15384459.949853055,synthetic_ground_truth
1154,6688280.331185715,synthetic_ground_truth
1155,4206086.9004846895,synthetic_ground_truth
1156,4510616.864208963,synthetic_ground_truth
1157,5483968.77134434,synthetic_ground_truth
1158,7904771.745668908,synthetic_ground_truth
1159,3217301.664794739,synthetic_ground_truth
1160,6941935.837855189,synthetic_ground_truth
1161,43580028.42955008,synthetic_ground_truth
1162,7526361.458876347,synthetic_ground_truth
1163,2810111.0811601635,synthetic_ground_truth
1164,1295207.2738582618,synthetic_ground_truth
1165,76861556.18742232,synthetic_ground_truth
1166,31863718.01799889,synthetic_ground_truth
1167,15952810.259832744,synthetic_ground_truth
1168,38083475.95095813,synthetic_ground_truth
1169,19777268.82470664,synthetic_ground_truth
1170,10008817.397650711,synthetic_ground_truth
1171,3210977.613724116,synthetic_ground_truth
1172,72589049.2870375,synthetic_ground_truth
1173,6549864.627927212,synthetic_ground_truth
1174,6760095.147611778,synthetic_ground_truth
1175,10683574.18410774,synthetic_ground_truth
1176,10454384.218035484,synthetic_ground_truth
1177,17116637.572275873,synthetic_ground_truth
1178,18552407.345716957,synthetic_ground_truth
1179,6274891.591398595,synthetic_ground_truth
1180,10008203.150159886,synthetic_ground_truth
1181,21802492.32590135,synthetic_ground_truth
1182,5053374.435059317,synthetic_ground_truth
1183,45074801.090356365,synthetic_ground_truth
1184,10300180.082552154,synthetic_ground_truth
1185,60717823.26885641,synthetic_ground_truth
1186,2486966.161954333,synthetic_ground_truth
1187,19199642.491525136,synthetic_ground_truth
1188,4352786.69896299,synthetic_ground_truth
1189,5563662.461749196,synthetic_ground_truth
1190,26937313.691981178,synthetic_ground_truth
1191,9711556.956545426,synthetic_ground_truth
1192,135376956.22544754,synthetic_ground_truth
1193,16129090.474849297,synthetic_ground_truth
1194,6212753.720889335,synthetic_ground_truth
1195,17019982.63065363,synthetic_ground_truth
1196,9507288.402857115,synthetic_ground_truth
1197,24285305.113408245,synthetic_ground_truth
1198,7438513.3560258895,synthetic_ground_truth
1199,14553820.272724422,synthetic_ground_truth
1200,13966722.050187564,synthetic_ground_truth
1201,13073527.811205076,synthetic_ground_truth
1202,29909288.456398528,synthetic_ground_truth
1203,1956245.366858621,synthetic_ground_truth
1204,13059269.989595031,synthetic_ground_truth
1205,6444559.069094654,synthetic_ground_truth
1206,2505145.8249418456,synthetic_ground_truth
1207,5241625.605864577,synthetic_ground_truth
1208,6545365.910442619,synthetic_ground_truth
1209,8263208.655151,synthetic_ground_truth
1210,17019787.963952277,synthetic_ground_truth
1211,18393585.5677832,synthetic_ground_truth
1212,8437514.988798887,synthetic_ground_truth
1213,55253037.40066547,synthetic_ground_truth
1214,6641386.482347092,synthetic_ground_truth
1215,1578111.1293513344,synthetic_ground_truth
1216,8862160.798364462,synthetic_ground_truth
1217,12138261.808318714,synthetic_ground_truth
1218,456890.5391491032,synthetic_ground_truth
1219,37143396.28785975,synthetic_ground_truth
1220,9109170.96489122,synthetic_ground_truth
1221,3046470.44278948,synthetic_ground_truth
1222,4278011.371081247,synthetic_ground_truth
1223,23634666.666395348,synthetic_ground_truth
1224,29588517.537632845,synthetic_ground_truth
1225,5291271.965745914,synthetic_ground_truth
1226,2511926.0597475707,synthetic_ground_truth
1227,13821311.568140749,synthetic_ground_truth
1228,17669612.181904268,synthetic_ground_truth
1229,19600474.51940359,synthetic_ground_truth
1230,6371561.900600208,synthetic_ground_truth
1231,10189020.451247092,synthetic_ground_truth
1232,10223715.620607022,synthetic_ground_truth
1233,29391127.40477564,synthetic_ground_truth
1234,48507201.14834892,synthetic_ground_truth
1235,54252209.17996087,synthetic_ground_truth
1236,44042257.11775164,synthetic_ground_truth
1237,63712712.72159502,synthetic_ground_truth
1238,27882370.44485693,synthetic_ground_truth
1239,6465950.799988739,synthetic_ground_truth
1240,46905128.940007865,synthetic_ground_truth
1241,3083857.642004734,synthetic_ground_truth
1242,113724980.02313264,synthetic_ground_truth
1243,3865646.848154373,synthetic_ground_truth
1244,31494473.48845938,synthetic_ground_truth
1245,41895078.54463941,synthetic_ground_truth
1246,15390518.832595792,synthetic_ground_truth
1247,1311222.4271290726,synthetic_ground_truth
1248,4329156.845855068,synthetic_ground_truth
1249,13771094.979822667,synthetic_ground_truth
1250,18371376.22750849,synthetic_ground_truth
1251,8485165.772586986,synthetic_ground_truth
1252,12042609.44290853,synthetic_ground_truth
1253,2336196.968159563,synthetic_ground_truth
1254,63003243.81711969,synthetic_ground_truth
1255,7526007.715464121,synthetic_ground_truth
1256,23487442.03535177,synthetic_ground_truth
1257,39653687.61540432,synthetic_ground_truth
1258,3099293.028114167,synthetic_ground_truth
1259,11381795.72330369,synthetic_ground_truth
1260,14358260.35405616,synthetic_ground_truth
1261,8407746.005749475,synthetic_ground_truth
1262,24955600.16962409,synthetic_ground_truth
1263,6335742.689329173,synthetic_ground_truth
1264,10378895.476889336,synthetic_ground_truth
1265,7147498.427745089,synthetic_ground_truth
1266,112715769.75835223,synthetic_ground_truth
1267,5766037.093436511,synthetic_ground_truth
1268,21530743.96999383,synthetic_ground_truth
1269,65415606.609088376,synthetic_ground_truth
1270,4916405.2915845765,synthetic_ground_truth
1271,12156917.68364498,synthetic_ground_truth
1272,4520365.74311618,synthetic_ground_truth
1273,1457499.8832772172,synthetic_ground_truth
1274,5262440.428957154,synthetic_ground_truth
1275,5941162.223455229,synthetic_ground_truth
1276,6996266.020685592,synthetic_ground_truth
1277,8150917.870059141,synthetic_ground_truth
1278,10573466.94366137,synthetic_ground_truth
1279,3083990.15015226,synthetic_ground_truth
1280,15389431.435187334,synthetic_ground_truth
1281,32571902.78300345,synthetic_ground_truth
1282,45518859.954725526,synthetic_ground_truth
1283,7754110.575125044,synthetic_ground_truth
1284,29833271.318875905,synthetic_ground_truth
1285,5534154.551280918,synthetic_ground_truth
1286,7438635.659713444,synthetic_ground_truth
1287,15392790.712607097,synthetic_ground_truth
1288,6943995.3362135785,synthetic_ground_truth
1289,3151000.500083935,synthetic_ground_truth
1290,23175612.81666252,synthetic_ground_truth
1291,4282513.53432359,synthetic_ground_truth
1292,7345420.15667188,synthetic_ground_truth
1293,31764442.047352538,synthetic_ground_truth
1294,18764445.39011975,synthetic_ground_truth
1295,14695517.91025101,synthetic_ground_truth
1296,2497231.356213624,synthetic_ground_truth
1297,3406813.5937537057,synthetic_ground_truth
1298,19196721.55651407,synthetic_ground_truth
1299,22671242.692572083,synthetic_ground_truth
1300,15337525.449082907,synthetic_ground_truth
1301,6028004.029750634,synthetic_ground_truth
1302,5829611.281547265,synthetic_ground_truth
1303,12134250.6266719,synthetic_ground_truth
1304,2892519.9484078726,synthetic_ground_truth
1305,13458833.505663415,synthetic_ground_truth
1306,2599729.046996219,synthetic_ground_truth
1307,3931294.255421542,synthetic_ground_truth
1308,12335421.64458486,synthetic_ground_truth
1309,17961344.343912933,synthetic_ground_truth
1310,17630500.836401373,synthetic_ground_truth
1311,3415682.2018588446,synthetic_ground_truth
1312,1571335.8828759796,synthetic_ground_truth
1313,12817243.882480957,synthetic_ground_truth
1314,1884935.954787708,synthetic_ground_truth
1315,33364902.708119005,synthetic_ground_truth
1316,3580483.7153011267,synthetic_ground_truth
1317,109150904.46858996,synthetic_ground_truth
1318,4602395.673219454,synthetic_ground_truth
1319,18164265.78980978,synthetic_ground_truth
1320,5299208.851864326,synthetic_ground_truth
1321,9227512.927735455,synthetic_ground_truth
1322,13408789.389494736,synthetic_ground_truth
1323,25508129.257951025,synthetic_ground_truth
1324,30665279.97571509,synthetic_ground_truth
1325,21044101.65396014,synthetic_ground_truth
1326,36137668.39191053,synthetic_ground_truth
1327,5522657.776149442,synthetic_ground_truth
1328,21014575.045889206,synthetic_ground_truth
1329,7961259.921172187,synthetic_ground_truth
1330,32927175.27446451,synthetic_ground_truth
1331,12179831.780802565,synthetic_ground_truth
1332,20471261.11324403,synthetic_ground_truth
1333,15398393.586070372,synthetic_ground_truth
1334,24477018.511671875,synthetic_ground_truth
1335,4803272.835665396,synthetic_ground_truth
1336,2525734.138402773,synthetic_ground_truth
1337,28133427.658595797,synthetic_ground_truth
1338,39215699.17519996,synthetic_ground_truth
1339,10062604.261966,synthetic_ground_truth
1340,24924909.480541363,synthetic_ground_truth
1341,2384345.395655962,synthetic_ground_truth
1342,6627349.418985448,synthetic_ground_truth
1343,12968008.451764155,synthetic_ground_truth
1344,2098635.9012513943,synthetic_ground_truth
1345,2229673.3355510654,synthetic_ground_truth
1346,11478237.678632012,synthetic_ground_truth
1347,6110016.210347973,synthetic_ground_truth
1348,6879523.698814581,synthetic_ground_truth
1349,6708039.50917735,synthetic_ground_truth
1350,3211473.1156720547,synthetic_ground_truth
1351,8665875.895812254,synthetic_ground_truth
1352,10415236.610464113,synthetic_ground_truth
1353,5814021.272283454,synthetic_ground_truth
1354,6770420.869456734,synthetic_ground_truth
1355,9824317.659451818,synthetic_ground_truth
1356,24950122.9897177,synthetic_ground_truth
1357,9010360.13174368,synthetic_ground_truth
1358,1658004.5072942958,synthetic_ground_truth
1359,3068579.0185516505,synthetic_ground_truth
1360,34119145.565557875,synthetic_ground_truth
1361,5567924.676269069,synthetic_ground_truth
1362,9443998.934605729,synthetic_ground_truth
1363,75063440.68695726,synthetic_ground_truth
1364,20749825.675364785,synthetic_ground_truth
1365,1474409.252594235,synthetic_ground_truth
1366,41816455.1988317,synthetic_ground_truth
1367,12218564.207978403,synthetic_ground_truth
1368,14403003.63910473,synthetic_ground_truth
1369,14283182.09472793,synthetic_ground_truth
1370,25639349.342529297,synthetic_ground_truth
1371,10741942.555654176,synthetic_ground_truth
1372,2746879.927558346,synthetic_ground_truth
1373,14387061.85770863,synthetic_ground_truth
1374,2537884.2532903734,synthetic_ground_truth
1375,60464607.32573877,synthetic_ground_truth
1376,7240755.01445712,synthetic_ground_truth
1377,9326240.499348754,synthetic_ground_truth
1378,6224580.882538395,synthetic_ground_truth
1379,14202065.997653998,synthetic_ground_truth
1380,16490215.37538607,synthetic_ground_truth
1381,5262509.07144684,synthetic_ground_truth
1382,15440727.189491846,synthetic_ground_truth
1383,12402492.346280366,synthetic_ground_truth
1384,10371018.883779706,synthetic_ground_truth
1385,5670319.924551658,synthetic_ground_truth
1386,108864229.66173376,synthetic_ground_truth
1387,31803798.01535012,synthetic_ground_truth
1388,26711436.24084302,synthetic_ground_truth
1389,36829162.67215835,synthetic_ground_truth
1390,13512164.032726057,synthetic_ground_truth
1391,7028604.978579139,synthetic_ground_truth
1392,875151.2713061173,synthetic_ground_truth
1393,3488863.990721964,synthetic_ground_truth
1394,85905776.60440083,synthetic_ground_truth
1395,36833726.17805173,synthetic_ground_truth
1396,14520709.904652355,synthetic_ground_truth
1397,2312307.926998997,synthetic_ground_truth
1398,21065260.603041727,synthetic_ground_truth
1399,7809019.546570805,synthetic_ground_truth
1400,25594349.15691902,synthetic_ground_truth
1401,3630604.399773276,synthetic_ground_truth
1402,6083074.480801908,synthetic_ground_truth
1403,28392770.865670327,synthetic_ground_truth
1404,68857386.08838841,synthetic_ground_truth
1405,5559703.011973215,synthetic_ground_truth
1406,4195211.815067498,synthetic_ground_truth
1407,28876028.05650672,synthetic_ground_truth
1408,3106416.151511796,synthetic_ground_truth
1409,2928367.33612604,synthetic_ground_truth
1410,13374398.985462144,synthetic_ground_truth
1411,79217727.97006431,synthetic_ground_truth
1412,4649827.88479988,synthetic_ground_truth
1413,7684261.33861413,synthetic_ground_truth
1414,14262576.621707212,synthetic_ground_truth
1415,7852073.37773848,synthetic_ground_truth
1416,1718806.5089110157,synthetic_ground_truth
1417,23133202.187298927,synthetic_ground_truth
1418,12945511.022851344,synthetic_ground_truth
1419,16034410.773363411,synthetic_ground_truth
1420,9263804.294840984,synthetic_ground_truth
1421,45676824.20556511,synthetic_ground_truth
1422,6529805.73123515,synthetic_ground_truth
1423,3403264.3823408475,synthetic_ground_truth
1424,57023802.60744445,synthetic_ground_truth
1425,1288940.745803767,synthetic_ground_truth
1426,9416704.049421407,synthetic_ground_truth
1427,10370306.340695154,synthetic_ground_truth
1428,9017823.57922133,synthetic_ground_truth
1429,2222063.041697467,synthetic_ground_truth
1430,3589107.3436960923,synthetic_ground_truth
1431,31798352.62148484,synthetic_ground_truth
1432,46557162.5635136,synthetic_ground_truth
1433,7361663.951330269,synthetic_ground_truth
1434,4344714.685617272,synthetic_ground_truth
1435,1684414.889166019,synthetic_ground_truth
1436,25079570.56132216,synthetic_ground_truth
1437,28781238.79138566,synthetic_ground_truth
1438,608123.1475713631,synthetic_ground_truth
1439,886269.1938588053,synthetic_ground_truth
1440,12007612.599342093,synthetic_ground_truth
1441,13651466.181109551,synthetic_ground_truth
1442,6489893.821336724,synthetic_ground_truth
1443,9744366.050391138,synthetic_ground_truth
1444,7691294.545664992,synthetic_ground_truth
1445,10158821.87616893,synthetic_ground_truth
1446,4367556.367020351,synthetic_ground_truth
1447,10222858.568495383,synthetic_ground_truth
1448,5273610.2887338735,synthetic_ground_truth
1449,5931371.438819096,synthetic_ground_truth
1450,1711260.271805346,synthetic_ground_truth
1451,8141623.823027896,synthetic_ground_truth
1452,26751311.64620348,synthetic_ground_truth
1453,7218645.185476796,synthetic_ground_truth
1454,8792846.046237018,synthetic_ground_truth
1455,42414518.040119104,synthetic_ground_truth
1456,27403899.39969137,synthetic_ground_truth
1457,62914280.848039865,synthetic_ground_truth
1458,100265435.50974014,synthetic_ground_truth
1459,10782119.34584251,synthetic_ground_truth
1460,3466236.8303396096,synthetic_ground_truth
1461,7316717.30457285,synthetic_ground_truth
1462,17207713.008223902,synthetic_ground_truth
1463,43189367.48412252,synthetic_ground_truth
1464,3759683.601162856,synthetic_ground_truth
1465,13759201.769387797,synthetic_ground_truth
1466,4687461.256089461,synthetic_ground_truth
1467,8995409.78553615,synthetic_ground_truth
1468,8888121.719402064,synthetic_ground_truth
1469,17207350.64565309,synthetic_ground_truth
1470,74278485.65020373,synthetic_ground_truth
1471,17885933.01116847,synthetic_ground_truth
1472,6999887.008569167,synthetic_ground_truth
1473,6789465.039501533,synthetic_ground_truth
1474,9417901.91632913,synthetic_ground_truth
1475,4970628.815352971,synthetic_ground_truth
1476,12156769.848178651,synthetic_ground_truth
1477,864287.1957980478,synthetic_ground_truth
1478,9332287.028123925,synthetic_ground_truth
1479,10217644.2209793,synthetic_ground_truth
1480,3229026.8564847326,synthetic_ground_truth
1481,7284769.118513819,synthetic_ground_truth
1482,37501516.84099684,synthetic_ground_truth
1483,32534486.67721113,synthetic_ground_truth
1484,6838765.844926803,synthetic_ground_truth
1485,21277195.87803789,synthetic_ground_truth
1486,2423704.937018466,synthetic_ground_truth
1487,8049477.842389535,synthetic_ground_truth
1488,13123790.474450774,synthetic_ground_truth
1489,48244080.95093499,synthetic_ground_truth
1490,34045374.0488524,synthetic_ground_truth
1491,14198173.25603115,synthetic_ground_truth
1492,4037036.881038992,synthetic_ground_truth
1493,44400862.83387755,synthetic_ground_truth
1494,8495644.243080094,synthetic_ground_truth
1495,19510337.52347978,synthetic_ground_truth
1496,9890934.15660145,synthetic_ground_truth
1497,76338782.06444035,synthetic_ground_truth
1498,6988748.075967342,synthetic_ground_truth
1499,27841552.57772239,synthetic_ground_truth
1500,9214330.642610127,synthetic_ground_truth
1501,18242734.23925005,synthetic_ground_truth
1502,54339401.10074748,synthetic_ground_truth
1503,1676842.485301894,synthetic_ground_truth
1504,10330957.872038145,synthetic_ground_truth
1505,4296736.172002883,synthetic_ground_truth
1506,17296294.911841676,synthetic_ground_truth
1507,19639680.158056367,synthetic_ground_truth
1508,6800307.097009801,synthetic_ground_truth
1509,6510794.982738582,synthetic_ground_truth
1510,14032115.483813882,synthetic_ground_truth
1511,2737365.639099757,synthetic_ground_truth
1512,14692883.306213643,synthetic_ground_truth
1513,4443259.070392786,synthetic_ground_truth
1514,20473289.7607766,synthetic_ground_truth
1515,3138010.00940773,synthetic_ground_truth
1516,6679917.421405577,synthetic_ground_truth
1517,5922675.54777786,synthetic_ground_truth
1518,7761119.517324062,synthetic_ground_truth
1519,43478104.02149018,synthetic_ground_truth
1520,25072134.946642578,synthetic_ground_truth
1521,6432610.902214632,synthetic_ground_truth
1522,8128461.223842837,synthetic_ground_truth
1523,29547675.259756222,synthetic_ground_truth
1524,3185573.3291386142,synthetic_ground_truth
1525,12072528.73484862,synthetic_ground_truth
1526,6062967.701106981,synthetic_ground_truth
1527,9630810.804921024,synthetic_ground_truth
1528,24925199.454350483,synthetic_ground_truth
1529,4947663.688442491,synthetic_ground_truth
1530,33259164.71245638,synthetic_ground_truth
1531,89408130.1632854,synthetic_ground_truth
1532,19118404.32669949,synthetic_ground_truth
1533,10085898.516043678,synthetic_ground_truth
1534,34540711.71297479,synthetic_ground_truth
1535,4378317.090421468,synthetic_ground_truth
1536,47488895.695865214,synthetic_ground_truth
1537,5020685.717104757,synthetic_ground_truth
1538,96486525.98730405,synthetic_ground_truth
1539,5231169.385070801,synthetic_ground_truth
1540,21595561.382850245,synthetic_ground_truth
1541,2100757.882382394,synthetic_ground_truth
1542,7930828.164060046,synthetic_ground_truth
1543,3342169.244349954,synthetic_ground_truth
1544,2894300.108323386,synthetic_ground_truth
1545,32331763.568316083,synthetic_ground_truth
1546,3192580.0803240286,synthetic_ground_truth
1547,4958958.223617742,synthetic_ground_truth
1548,5437076.6886783065,synthetic_ground_truth
1549,33735476.063633464,synthetic_ground_truth
1550,28434567.27326877,synthetic_ground_truth
1551,38055782.19481434,synthetic_ground_truth
1552,5579671.228437618,synthetic_ground_truth
1553,42917700.65636486,synthetic_ground_truth
1554,5424210.508293228,synthetic_ground_truth
1555,5653503.150099173,synthetic_ground_truth
1556,5468921.897325886,synthetic_ground_truth
1557,5895281.019115001,synthetic_ground_truth
1558,8781643.547720544,synthetic_ground_truth
1559,5355799.136792899,synthetic_ground_truth
1560,16139809.72193,synthetic_ground_truth
1561,736244.7130916168,synthetic_ground_truth
1562,14002791.08351183,synthetic_ground_truth
1563,4406025.652336806,synthetic_ground_truth
1564,5012891.999982497,synthetic_ground_truth
1565,5421936.245498675,synthetic_ground_truth
1566,31052353.553810205,synthetic_ground_truth
1567,17670303.51005462,synthetic_ground_truth
1568,9674766.679676091,synthetic_ground_truth
1569,5021455.926021997,synthetic_ground_truth
1570,21870745.238188803,synthetic_ground_truth
1571,63678152.69832875,synthetic_ground_truth
1572,9574326.280189227,synthetic_ground_truth
1573,2203538.161019729,synthetic_ground_truth
1574,4919466.415981706,synthetic_ground_truth
1575,17130731.558252923,synthetic_ground_truth
1576,7141558.379380163,synthetic_ground_truth
1577,5309508.723487926,synthetic_ground_truth
1578,4198202.203579387,synthetic_ground_truth
1579,11220820.099815745,synthetic_ground_truth
1580,2507879.504486091,synthetic_ground_truth
1581,10180683.61980327,synthetic_ground_truth
1582,12027471.100355703,synthetic_ground_truth
1583,7614736.367942925,synthetic_ground_truth
1584,3488979.1617976804,synthetic_ground_truth
1585,34000166.2089818,synthetic_ground_truth
1586,2734731.211228285,synthetic_ground_truth
1587,12512071.682544157,synthetic_ground_truth
1588,20399991.585153338,synthetic_ground_truth
1589,15658528.05812412,synthetic_ground_truth
1590,42219758.33732439,synthetic_ground_truth
1591,3984343.484386267,synthetic_ground_truth
1592,4367549.14276618,synthetic_ground_truth
1593,7557682.150092731,synthetic_ground_truth
1594,270863561.1254142,synthetic_ground_truth
1595,17259300.904558364,synthetic_ground_truth
1596,23828033.16514145,synthetic_ground_truth
1597,22350575.416817427,synthetic_ground_truth
1598,13239932.61655853,synthetic_ground_truth
1599,28376485.50121738,synthetic_ground_truth
1600,1941729.9942828843,synthetic_ground_truth
1601,13255896.422647951,synthetic_ground_truth
1602,17055328.82261651,synthetic_ground_truth
1603,29119169.892488457,synthetic_ground_truth
1604,3057748.4714872,synthetic_ground_truth
1605,3575943.2148808674,synthetic_ground_truth
1606,4034846.0490339017,synthetic_ground_truth
1607,18449997.82527854,synthetic_ground_truth
1608,20105061.86345382,synthetic_ground_truth
1609,4112356.600130893,synthetic_ground_truth
1610,70103824.99350666,synthetic_ground_truth
1611,12993511.10010466,synthetic_ground_truth
1612,12945274.831751466,synthetic_ground_truth
1613,10366416.688464824,synthetic_ground_truth
1614,26994911.446766414,synthetic_ground_truth
1615,18840107.05812948,synthetic_ground_truth
1616,69260992.65659253,synthetic_ground_truth
1617,3621126.2955988734,synthetic_ground_truth
1618,2467528.732984989,synthetic_ground_truth
1619,5164561.431121443,synthetic_ground_truth
1620,17889629.26961217,synthetic_ground_truth
1621,7582639.246628654,synthetic_ground_truth
1622,35239715.35888173,synthetic_ground_truth
1623,6867065.537734672,synthetic_ground_truth
1624,28947105.74681225,synthetic_ground_truth
1625,5062473.5336555485,synthetic_ground_truth
1626,35980103.06854992,synthetic_ground_truth
1627,42256237.70601953,synthetic_ground_truth
1628,6232320.932585353,synthetic_ground_truth
1629,19435878.392881453,synthetic_ground_truth
1630,13779894.870698355,synthetic_ground_truth
1631,16910384.661503393,synthetic_ground_truth
1632,37528312.44659972,synthetic_ground_truth
1633,25485585.90060136,synthetic_ground_truth
1634,18239435.00775156,synthetic_ground_truth
1635,21123063.16221996,synthetic_ground_truth
1636,2926532.239245822,synthetic_ground_truth
1637,10790334.865937764,synthetic_ground_truth
1638,3282548.087848599,synthetic_ground_truth
1639,9546001.270347636,synthetic_ground_truth
1640,35081276.260493524,synthetic_ground_truth
1641,11021936.66401191,synthetic_ground_truth
1642,860811.633129756,synthetic_ground_truth
1643,3903296.816544927,synthetic_ground_truth
1644,18677068.603475276,synthetic_ground_truth
1645,6010781.960416719,synthetic_ground_truth
1646,21453606.203402866,synthetic_ground_truth
1647,3180105.964679673,synthetic_ground_truth
1648,15338122.32857196,synthetic_ground_truth
1649,16261599.798199272,synthetic_ground_truth
1650,22680738.06710728,synthetic_ground_truth
1651,5224349.762070275,synthetic_ground_truth
1652,20983979.6601018,synthetic_ground_truth
1653,45232183.98163847,synthetic_ground_truth
1654,1106970.127763724,synthetic_ground_truth
1655,11985299.305669704,synthetic_ground_truth
1656,1797549.8864787398,synthetic_ground_truth
1657,4598659.515786895,synthetic_ground_truth
1658,5489643.709061012,synthetic_ground_truth
1659,10173715.80202748,synthetic_ground_truth
1660,15199868.32872764,synthetic_ground_truth
1661,29932975.89739087,synthetic_ground_truth
1662,15595605.131831689,synthetic_ground_truth
1663,21154182.700772934,synthetic_ground_truth
1664,3657610.08580988,synthetic_ground_truth
1665,34797968.65177291,synthetic_ground_truth
1666,363711.2211787356,synthetic_ground_truth
1667,49701993.2627236,synthetic_ground_truth
1668,47880589.71470954,synthetic_ground_truth
1669,24929630.591466423,synthetic_ground_truth
1670,89320971.86950581,synthetic_ground_truth
1671,1629207.4412461857,synthetic_ground_truth
1672,26470759.927328505,synthetic_ground_truth
1673,11352933.164884964,synthetic_ground_truth
1674,14395560.931710834,synthetic_ground_truth
1675,3086255.8523445586,synthetic_ground_truth
1676,18436052.00476275,synthetic_ground_truth
1677,14378518.58866641,synthetic_ground_truth
1678,5242649.486378974,synthetic_ground_truth
1679,10691579.225675987,synthetic_ground_truth
1680,2738782.230565761,synthetic_ground_truth
1681,6565705.282685051,synthetic_ground_truth
1682,26166785.17090573,synthetic_ground_truth
1683,29425261.1001118,synthetic_ground_truth
1684,23845736.457786053,synthetic_ground_truth
1685,32858694.22808207,synthetic_ground_truth
1686,28898091.991311077,synthetic_ground_truth
1687,6716022.090382917,synthetic_ground_truth
1688,13486271.92980665,synthetic_ground_truth
1689,32014175.655254494,synthetic_ground_truth
1690,2610335.8944545398,synthetic_ground_truth
1691,2712497.4853994483,synthetic_ground_truth
1692,2964220.373124028,synthetic_ground_truth
1693,1919826.2918096543,synthetic_ground_truth
1694,4302640.448562715,synthetic_ground_truth
1695,7065130.863159504,synthetic_ground_truth
1696,58836623.99747293,synthetic_ground_truth
1697,6460807.503411522,synthetic_ground_truth
1698,2691057.140675135,synthetic_ground_truth
1699,13013208.619203951,synthetic_ground_truth
1700,8080615.424695261,synthetic_ground_truth
1701,4752889.421954717,synthetic_ground_truth
1702,6808187.801325376,synthetic_ground_truth
1703,30599328.92203316,synthetic_ground_truth
1704,2390955.624648948,synthetic_ground_truth
1705,2092613.0531948323,synthetic_ground_truth
1706,16374645.946836434,synthetic_ground_truth
1707,5588502.645065541,synthetic_ground_truth
1708,58857815.43904696,synthetic_ground_truth
1709,9263496.91278252,synthetic_ground_truth
1710,9549549.267438082,synthetic_ground_truth
1711,21817986.311740942,synthetic_ground_truth
1712,2074198.416394867,synthetic_ground_truth
1713,13888963.063555576,synthetic_ground_truth
1714,7711782.494127009,synthetic_ground_truth
1715,33417509.795202408,synthetic_ground_truth
1716,6615141.978859187,synthetic_ground_truth
1717,11997236.103172189,synthetic_ground_truth
1718,6858265.449867282,synthetic_ground_truth
1719,16027781.781855106,synthetic_ground_truth
1720,7994204.0615798095,synthetic_ground_truth
1721,13287362.82189172,synthetic_ground_truth
1722,60562144.12359987,synthetic_ground_truth
1723,8040977.690980949,synthetic_ground_truth
1724,18432048.585641168,synthetic_ground_truth
1725,99741268.41156147,synthetic_ground_truth
1726,15619126.871507837,synthetic_ground_truth
1727,851632.9499597247,synthetic_ground_truth
1728,6432722.027436367,synthetic_ground_truth
1729,3264255.628518301,synthetic_ground_truth
1730,32072682.5195404,synthetic_ground_truth
1731,10892803.78283668,synthetic_ground_truth
1732,30155300.979865853,synthetic_ground_truth
1733,20272790.10135417,synthetic_ground_truth
1734,22279992.041038573,synthetic_ground_truth
1735,3515762.0266810628,synthetic_ground_truth
1736,16074012.92820305,synthetic_ground_truth
1737,42100049.00688126,synthetic_ground_truth
1738,2290078.4171731225,synthetic_ground_truth
1739,7023251.429326938,synthetic_ground_truth
1740,16746781.883127326,synthetic_ground_truth
1741,10799409.018495204,synthetic_ground_truth
1742,42568708.02839335,synthetic_ground_truth
1743,22457811.27658092,synthetic_ground_truth
1744,15730536.982802462,synthetic_ground_truth
1745,28332710.305156488,synthetic_ground_truth
1746,23307941.27696137,synthetic_ground_truth
1747,11712289.429591252,synthetic_ground_truth
1748,7838443.142548161,synthetic_ground_truth
1749,26714340.40734468,synthetic_ground_truth
1750,4630831.824735672,synthetic_ground_truth
1751,9404652.373812884,synthetic_ground_truth
1752,3403022.860778593,synthetic_ground_truth
1753,22972762.501775306,synthetic_ground_truth
1754,35488148.08809058,synthetic_ground_truth
1755,4125444.069694571,synthetic_ground_truth
1756,10145999.155924378,synthetic_ground_truth
1757,6777355.352821875,synthetic_ground_truth
1758,29257599.50771604,synthetic_ground_truth
1759,41405111.653838426,synthetic_ground_truth
1760,6623483.272064498,synthetic_ground_truth
1761,498826.85719717504,synthetic_ground_truth
1762,31256816.77979385,synthetic_ground_truth
1763,11252377.04267885,synthetic_ground_truth
1764,10480999.365075754,synthetic_ground_truth
1765,28708122.16535532,synthetic_ground_truth
1766,7993553.994380595,synthetic_ground_truth
1767,5788448.694904394,synthetic_ground_truth
1768,7558959.726311494,synthetic_ground_truth
1769,20017461.58817903,synthetic_ground_truth
1770,25872837.908397432,synthetic_ground_truth
1771,58763392.171935536,synthetic_ground_truth
1772,14874360.853374738,synthetic_ground_truth
1773,9474520.915662425,synthetic_ground_truth
1774,23497148.476081006,synthetic_ground_truth
1775,4495482.516374631,synthetic_ground_truth
1776,44910755.887631886,synthetic_ground_truth
1777,13289861.043676233,synthetic_ground_truth
1778,8361968.028678291,synthetic_ground_truth
1779,4685043.747017146,synthetic_ground_truth
1780,18054506.629868183,synthetic_ground_truth
1781,8836654.345429795,synthetic_ground_truth
1782,9116333.49833622,synthetic_ground_truth
1783,1997330.450863673,synthetic_ground_truth
1784,6914718.334321691,synthetic_ground_truth
1785,5631807.975703824,synthetic_ground_truth
1786,14966281.322425237,synthetic_ground_truth
1787,8064927.498552624,synthetic_ground_truth
1788,930123.3999862662,synthetic_ground_truth
1789,7040141.044557546,synthetic_ground_truth
1790,2422699.2976282374,synthetic_ground_truth
1791,3911067.3359854254,synthetic_ground_truth
1792,35544550.79417092,synthetic_ground_truth
1793,1989753.7156057856,synthetic_ground_truth
1794,16347833.416769536,synthetic_ground_truth
1795,7326578.464067368,synthetic_ground_truth
1796,4977293.602326319,synthetic_ground_truth
1797,4096291.770138607,synthetic_ground_truth
1798,16551329.268741991,synthetic_ground_truth
1799,18676900.43797365,synthetic_ground_truth
1800,2287714.984180549,synthetic_ground_truth
1801,33126160.54518615,synthetic_ground_truth
1802,3457278.2011737637,synthetic_ground_truth
1803,16412309.945521766,synthetic_ground_truth
1804,3910686.593890613,synthetic_ground_truth
1805,6293115.392299895,synthetic_ground_truth
1806,3264795.526526078,synthetic_ground_truth
1807,6830510.558254072,synthetic_ground_truth
1808,10494767.616207307,synthetic_ground_truth
1809,3849416.1989285504,synthetic_ground_truth
1810,15677055.44749153,synthetic_ground_truth
1811,16495854.35673398,synthetic_ground_truth
1812,153547977.35722625,synthetic_ground_truth
1813,26233940.54314356,synthetic_ground_truth
1814,40863642.22661553,synthetic_ground_truth
1815,1658230.4485709197,synthetic_ground_truth
1816,1762245.8932217332,synthetic_ground_truth
1817,7339708.284333824,synthetic_ground_truth
1818,73080880.83317013,synthetic_ground_truth
1819,148199138.91644156,synthetic_ground_truth
1820,6042611.884989671,synthetic_ground_truth
1821,5881390.7084408,synthetic_ground_truth
1822,19083384.67603277,synthetic_ground_truth
1823,8926121.308090813,synthetic_ground_truth
1824,9721000.698196642,synthetic_ground_truth
1825,20033214.659222536,synthetic_ground_truth
1826,160079148.3324019,synthetic_ground_truth
1827,43960492.4017274,synthetic_ground_truth
1828,66683774.68549448,synthetic_ground_truth
1829,2050108.9487811564,synthetic_ground_truth
1830,30295275.517262142,synthetic_ground_truth
1831,5129524.089353081,synthetic_ground_truth
1832,55444054.926864445,synthetic_ground_truth
1833,50685410.92914507,synthetic_ground_truth
1834,21563825.83515234,synthetic_ground_truth
1835,4567681.134246099,synthetic_ground_truth
1836,6410683.781941908,synthetic_ground_truth
1837,7903051.553432419,synthetic_ground_truth
1838,20971876.47335732,synthetic_ground_truth
1839,18254190.582567144,synthetic_ground_truth
1840,45369031.26741926,synthetic_ground_truth
1841,61561659.86551683,synthetic_ground_truth
1842,4381220.787424426,synthetic_ground_truth
1843,16495058.558857286,synthetic_ground_truth
1844,17435561.18908506,synthetic_ground_truth
1845,10182304.876858093,synthetic_ground_truth
1846,24835079.604508616,synthetic_ground_truth
1847,19746514.61408756,synthetic_ground_truth
1848,6085456.06311741,synthetic_ground_truth
1849,8970126.816342091,synthetic_ground_truth
1850,9133454.888301509,synthetic_ground_truth
1851,5417003.584730518,synthetic_ground_truth
1852,9827045.197600149,synthetic_ground_truth
1853,3202966.838878565,synthetic_ground_truth
1854,15504406.918663615,synthetic_ground_truth
1855,42970876.95972079,synthetic_ground_truth
1856,13490697.04722107,synthetic_ground_truth
1857,30404149.45599657,synthetic_ground_truth
1858,11815429.029595232,synthetic_ground_truth
1859,3658237.897695517,synthetic_ground_truth
1860,95798926.74423984,synthetic_ground_truth
1861,1050607.798845732,synthetic_ground_truth
1862,10552221.09873539,synthetic_ground_truth
1863,5632666.828944938,synthetic_ground_truth
1864,51212968.777293324,synthetic_ground_truth
1865,12115818.526386898,synthetic_ground_truth
1866,155099508.05549932,synthetic_ground_truth
1867,11435668.734055243,synthetic_ground_truth
1868,5632173.05904354,synthetic_ground_truth
1869,2011458.147190143,synthetic_ground_truth
1870,36967882.00619383,synthetic_ground_truth
1871,4799492.837179009,synthetic_ground_truth
1872,7114905.921867963,synthetic_ground_truth
1873,42107869.23680243,synthetic_ground_truth
1874,32074390.241349194,synthetic_ground_truth
1875,5480928.218928158,synthetic_ground_truth
1876,6734926.701213397,synthetic_ground_truth
1877,1729009.2760656746,synthetic_ground_truth
1878,1542239.3335704978,synthetic_ground_truth
1879,27068308.106471565,synthetic_ground_truth
1880,28839364.41628613,synthetic_ground_truth
1881,14684985.173853155,synthetic_ground_truth
1882,11927285.234736204,synthetic_ground_truth
1883,5099534.130105003,synthetic_ground_truth
1884,42213667.24203035,synthetic_ground_truth
1885,1871837.145952136,synthetic_ground_truth
1886,8076836.554985247,synthetic_ground_truth
1887,13134998.357314622,synthetic_ground_truth
1888,9873954.179652516,synthetic_ground_truth
1889,10194156.873255111,synthetic_ground_truth
1890,6598174.129088176,synthetic_ground_truth
1891,20315875.64838704,synthetic_ground_truth
1892,2880535.1802072665,synthetic_ground_truth
1893,10660270.047690744,synthetic_ground_truth
1894,17175206.24564449,synthetic_ground_truth
1895,7184622.640612826,synthetic_ground_truth
1896,13121647.598343538,synthetic_ground_truth
1897,13319375.125172356,synthetic_ground_truth
1898,1831969.6229113764,synthetic_ground_truth
1899,2145117.4362531644,synthetic_ground_truth
1900,11431982.153476244,synthetic_ground_truth
1901,5524939.350896921,synthetic_ground_truth
1902,7235648.992070382,synthetic_ground_truth
1903,21097157.134080105,synthetic_ground_truth
1904,4416880.722767005,synthetic_ground_truth
1905,1120000.753507558,synthetic_ground_truth
1906,66308107.78023668,synthetic_ground_truth
1907,36469368.03473938,synthetic_ground_truth
1908,32856238.872163314,synthetic_ground_truth
1909,3396661.3714275644,synthetic_ground_truth
1910,10240843.816598894,synthetic_ground_truth
1911,3174368.3810233525,synthetic_ground_truth
1912,9385371.456317969,synthetic_ground_truth
1913,7077558.46080922,synthetic_ground_truth
1914,3598319.4388401792,synthetic_ground_truth
1915,18398149.756505333,synthetic_ground_truth
1916,8007518.083709317,synthetic_ground_truth
1917,58808619.86843463,synthetic_ground_truth
1918,11575314.59555942,synthetic_ground_truth
1919,857769.7878552607,synthetic_ground_truth
1920,1642557.766020246,synthetic_ground_truth
1921,105684500.94857705,synthetic_ground_truth
1922,7738037.055248437,synthetic_ground_truth
1923,14113897.679136086,synthetic_ground_truth
1924,10312069.626867568,synthetic_ground_truth
1925,44751328.68875173,synthetic_ground_truth
1926,1645663.1474395243,synthetic_ground_truth
1927,41838250.0004695,synthetic_ground_truth
1928,41585427.24839874,synthetic_ground_truth
1929,9790264.56038626,synthetic_ground_truth
1930,14960885.032388585,synthetic_ground_truth
1931,7341548.051967762,synthetic_ground_truth
1932,1869588.6353296172,synthetic_ground_truth
1933,17837484.223986294,synthetic_ground_truth
1934,13921736.830848802,synthetic_ground_truth
1935,14573357.874052756,synthetic_ground_truth
1936,18039013.477697782,synthetic_ground_truth
1937,5629139.114606312,synthetic_ground_truth
1938,45745447.62295511,synthetic_ground_truth
1939,11200524.758629482,synthetic_ground_truth
1940,16832268.715809226,synthetic_ground_truth
1941,7452978.343328819,synthetic_ground_truth
1942,29422396.61921455,synthetic_ground_truth
1943,11694336.100060863,synthetic_ground_truth
1944,9563242.45397529,synthetic_ground_truth
1945,43851094.13683631,synthetic_ground_truth
1946,1997839.1930011043,synthetic_ground_truth
1947,7304814.43863127,synthetic_ground_truth
1948,5955165.911536828,synthetic_ground_truth
1949,17628038.434630726,synthetic_ground_truth
1950,15249797.47682005,synthetic_ground_truth
1951,9930007.518083796,synthetic_ground_truth
1952,4988530.920193926,synthetic_ground_truth
1953,9732968.186078932,synthetic_ground_truth
1954,17985619.767328408,synthetic_ground_truth
1955,8237098.719677841,synthetic_ground_truth
1956,31792694.575020317,synthetic_ground_truth
1957,17771500.814725146,synthetic_ground_truth
1958,10765632.288265776,synthetic_ground_truth
1959,979318.2595552866,synthetic_ground_truth
1960,8444764.71537018,synthetic_ground_truth
1961,18267920.86914729,synthetic_ground_truth
1962,8497964.651247721,synthetic_ground_truth
1963,16377668.516325828,synthetic_ground_truth
1964,10277402.53978844,synthetic_ground_truth
1965,14901687.922892466,synthetic_ground_truth
1966,45467415.88701847,synthetic_ground_truth
1967,22194443.94416067,synthetic_ground_truth
1968,2819042.3940278827,synthetic_ground_truth
1969,1859011.57519827,synthetic_ground_truth
1970,17036284.789675288,synthetic_ground_truth
1971,36919039.95443044,synthetic_ground_truth
1972,2269847.961598212,synthetic_ground_truth
1973,8615867.325371634,synthetic_ground_truth
1974,130946982.6926458,synthetic_ground_truth
1975,9084551.817547591,synthetic_ground_truth
1976,148110878.14062116,synthetic_ground_truth
1977,4321830.045428641,synthetic_ground_truth
1978,5399937.252065059,synthetic_ground_truth
1979,4826856.078062925,synthetic_ground_truth
1980,2845778.6972250706,synthetic_ground_truth
1981,2496380.8027214054,synthetic_ground_truth
1982,7958115.295523897,synthetic_ground_truth
1983,12399818.95102519,synthetic_ground_truth
1984,4890988.465705946,synthetic_ground_truth
1985,5996772.48668983,synthetic_ground_truth
1986,41434199.84077647,synthetic_ground_truth
1987,25807735.61199201,synthetic_ground_truth
1988,7781277.475020325,synthetic_ground_truth
1989,18741334.947881676,synthetic_ground_truth
1990,2062203.776211853,synthetic_ground_truth
1991,12828665.826978542,synthetic_ground_truth
1992,9124792.16665464,synthetic_ground_truth
1993,9093032.312556798,synthetic_ground_truth
1994,11406427.900138116,synthetic_ground_truth
1995,10256968.620690806,synthetic_ground_truth
1996,2942908.6236503883,synthetic_ground_truth
1997,62243758.97570613,synthetic_ground_truth
1998,25781659.043653205,synthetic_ground_truth
1999,8072658.663480849,synthetic_ground_truth
2000,2003453.013721982,synthetic_ground_truth
2001,1068365.7983060472,synthetic_ground_truth
2002,83988659.88802773,synthetic_ground_truth
2003,11015322.756498436,synthetic_ground_truth
2004,22632117.62847824,synthetic_ground_truth
2005,3720121.685434533,synthetic_ground_truth
2006,8419387.505039409,synthetic_ground_truth
2007,9204793.357170818,synthetic_ground_truth
2008,14066368.627909718,synthetic_ground_truth
2009,11807223.605828244,synthetic_ground_truth
2010,4029428.220957712,synthetic_ground_truth
2011,4647865.222191623,synthetic_ground_truth
2012,10373266.437592352,synthetic_ground_truth
2013,1747745.424292152,synthetic_ground_truth
2014,4756976.097791456,synthetic_ground_truth
2015,10035290.58172032,synthetic_ground_truth
2016,15142140.929384395,synthetic_ground_truth
2017,46535489.48050299,synthetic_ground_truth
2018,6510152.671174089,synthetic_ground_truth
2019,11426015.290013095,synthetic_ground_truth
2020,1647049.5175675591,synthetic_ground_truth
2021,17595017.703359295,synthetic_ground_truth
2022,4389327.197794987,synthetic_ground_truth
2023,8595572.116116364,synthetic_ground_truth
2024,16593825.234672166,synthetic_ground_truth
2025,21026933.36879186,synthetic_ground_truth
2026,2394464.269766444,synthetic_ground_truth
2027,23116166.98559691,synthetic_ground_truth
2028,10336882.565733949,synthetic_ground_truth
2029,37553605.3358772,synthetic_ground_truth
2030,50824510.5084436,synthetic_ground_truth
2031,62827696.6144016,synthetic_ground_truth
2032,2567203.944773212,synthetic_ground_truth
2033,18086788.752165884,synthetic_ground_truth
2034,2010900.949785058,synthetic_ground_truth
2035,42726632.1815613,synthetic_ground_truth
2036,54232439.284943536,synthetic_ground_truth
2037,27256709.315618858,synthetic_ground_truth
2038,7245079.766052806,synthetic_ground_truth
2039,17802674.107889395,synthetic_ground_truth
2040,6406806.351946142,synthetic_ground_truth
2041,11461719.545021009,synthetic_ground_truth
2042,10932693.18791159,synthetic_ground_truth
2043,1462825.2044083604,synthetic_ground_truth
2044,5515973.57570586,synthetic_ground_truth
2045,94148178.01179926,synthetic_ground_truth
2046,10327778.649777802,synthetic_ground_truth
2047,12399997.78819409,synthetic_ground_truth
2048,11551593.06187274,synthetic_ground_truth
2049,8839675.76208356,synthetic_ground_truth
2050,10401182.11538433,synthetic_ground_truth
2051,6996399.685736923,synthetic_ground_truth
2052,1138225.6935863704,synthetic_ground_truth
2053,22174594.293390013,synthetic_ground_truth
2054,51665799.6804056,synthetic_ground_truth
2055,3493521.592995337,synthetic_ground_truth
2056,6505818.680051856,synthetic_ground_truth
2057,47135092.414675504,synthetic_ground_truth
2058,5714269.042477452,synthetic_ground_truth
2059,14255476.769912302,synthetic_ground_truth
2060,818982779.2006006,synthetic_ground_truth
2061,21821825.823441014,synthetic_ground_truth
2062,11812973.333951715,synthetic_ground_truth
2063,27449626.079143893,synthetic_ground_truth
2064,23880512.21956568,synthetic_ground_truth
2065,6276871.955864997,synthetic_ground_truth
2066,1925730.9514086184,synthetic_ground_truth
2067,18469586.95436103,synthetic_ground_truth
2068,25018846.486308776,synthetic_ground_truth
2069,8436548.579396598,synthetic_ground_truth
2070,54582810.44315621,synthetic_ground_truth
2071,46022408.43361604,synthetic_ground_truth
2072,26282241.299064077,synthetic_ground_truth
2073,8813814.259058047,synthetic_ground_truth
2074,1217112.2973065246,synthetic_ground_truth
2075,8640506.453054637,synthetic_ground_truth
2076,1583591.7504911283,synthetic_ground_truth
2077,1027044.5585257374,synthetic_ground_truth
2078,24648892.57095281,synthetic_ground_truth
2079,34103792.91829083,synthetic_ground_truth
2080,1559308.5802852877,synthetic_ground_truth
2081,8418796.603512557,synthetic_ground_truth
2082,11033154.5582149,synthetic_ground_truth
2083,8563590.866705652,synthetic_ground_truth
2084,3178296.053998384,synthetic_ground_truth
2085,49212739.477599055,synthetic_ground_truth
2086,2831248.559815221,synthetic_ground_truth
2087,1507333.1881474878,synthetic_ground_truth
2088,2473507.364879608,synthetic_ground_truth
2089,19468713.19148072,synthetic_ground_truth
2090,9963325.163946586,synthetic_ground_truth
2091,5135496.055680217,synthetic_ground_truth
2092,18195302.05542785,synthetic_ground_truth
2093,13619447.469905736,synthetic_ground_truth
2094,1135859.1257548889,synthetic_ground_truth
2095,17192216.127323713,synthetic_ground_truth
2096,33477381.76035404,synthetic_ground_truth
2097,10876912.040774228,synthetic_ground_truth
2098,9643229.16929986,synthetic_ground_truth
2099,84709203.22262777,synthetic_ground_truth
2100,5573586.985969704,synthetic_ground_truth
2101,8333695.5225041155,synthetic_ground_truth
2102,14175471.092678478,synthetic_ground_truth
2103,11226350.574191025,synthetic_ground_truth
2104,8084564.362676786,synthetic_ground_truth
2105,11377037.576849494,synthetic_ground_truth
2106,49399729.64343762,synthetic_ground_truth
2107,24362571.22167355,synthetic_ground_truth
2108,9050942.845043246,synthetic_ground_truth
2109,4447673.74021413,synthetic_ground_truth
2110,5244449.063544864,synthetic_ground_truth
2111,28834272.31847864,synthetic_ground_truth
2112,2016964.6655090745,synthetic_ground_truth
2113,135873999.57823208,synthetic_ground_truth
2114,9571883.26821348,synthetic_ground_truth
2115,3026538.3633712777,synthetic_ground_truth
2116,13287234.348212922,synthetic_ground_truth
2117,4354112.69958765,synthetic_ground_truth
2118,8239248.454017653,synthetic_ground_truth
2119,2186332.9632406104,synthetic_ground_truth
2120,8853453.700587593,synthetic_ground_truth
2121,1309975.389717449,synthetic_ground_truth
2122,5892715.538200518,synthetic_ground_truth
2123,4895364.865137164,synthetic_ground_truth
2124,7523814.556265343,synthetic_ground_truth
2125,5159802.06049567,synthetic_ground_truth
2126,11139948.661150472,synthetic_ground_truth
2127,27084652.76773612,synthetic_ground_truth
2128,15309977.747483216,synthetic_ground_truth
2129,39200276.82743224,synthetic_ground_truth
2130,6748469.273322017,synthetic_ground_truth
2131,16417461.172876962,synthetic_ground_truth
2132,15768193.632684195,synthetic_ground_truth
2133,31809124.27984234,synthetic_ground_truth
2134,5493355.772752849,synthetic_ground_truth
2135,23381760.1489372,synthetic_ground_truth
2136,4244789.406224727,synthetic_ground_truth
2137,5818444.269151617,synthetic_ground_truth
2138,8550617.82744113,synthetic_ground_truth
2139,19856086.22439028,synthetic_ground_truth
2140,3746628.3606472574,synthetic_ground_truth
2141,3941441.7387853535,synthetic_ground_truth
2142,5271996.368819922,synthetic_ground_truth
2143,12245978.469643343,synthetic_ground_truth
2144,4376650.860664286,synthetic_ground_truth
2145,13395161.442110388,synthetic_ground_truth
2146,9101207.417152204,synthetic_ground_truth
2147,19600640.09911801,synthetic_ground_truth
2148,12651275.167804709,synthetic_ground_truth
2149,71735922.18718933,synthetic_ground_truth
2150,14590625.155064464,synthetic_ground_truth
2151,3087011.4877802283,synthetic_ground_truth
2152,9885601.335359449,synthetic_ground_truth
2153,10567344.669300403,synthetic_ground_truth
2154,5174156.017035387,synthetic_ground_truth
2155,44883064.267856665,synthetic_ground_truth
2156,7101430.790471793,synthetic_ground_truth
2157,5043425.326914461,synthetic_ground_truth
2158,12460676.87973196,synthetic_ground_truth
2159,4407744.095243735,synthetic_ground_truth
2160,33059915.98895359,synthetic_ground_truth
2161,24044369.917666696,synthetic_ground_truth
2162,13814428.322744856,synthetic_ground_truth
2163,22120278.8861957,synthetic_ground_truth
2164,6389233.981636826,synthetic_ground_truth
2165,2450319.5887851617,synthetic_ground_truth
2166,6948961.3748776335,synthetic_ground_truth
2167,7336150.427112156,synthetic_ground_truth
2168,1338446.465655235,synthetic_ground_truth
2169,4633938.326939625,synthetic_ground_truth
2170,3583851.310096912,synthetic_ground_truth
2171,3360925.9210627507,synthetic_ground_truth
2172,46219256.74824834,synthetic_ground_truth
2173,17686395.549649175,synthetic_ground_truth
2174,26538344.08816964,synthetic_ground_truth
2175,17417769.977069024,synthetic_ground_truth
2176,36376022.84406207,synthetic_ground_truth
2177,10442304.319270916,synthetic_ground_truth
2178,46766787.03246743,synthetic_ground_truth
2179,2868327.9907815787,synthetic_ground_truth
2180,10124083.75799029,synthetic_ground_truth
2181,3668282.482097244,synthetic_ground_truth
2182,36805422.479771554,synthetic_ground_truth
2183,15646498.902665673,synthetic_ground_truth
2184,32302403.89694635,synthetic_ground_truth
2185,2634621.3619102864,synthetic_ground_truth
2186,5621331.312493283,synthetic_ground_truth
2187,1874749.3079573573,synthetic_ground_truth
2188,19010558.074446887,synthetic_ground_truth
2189,7188054.676673683,synthetic_ground_truth
2190,27037675.081875984,synthetic_ground_truth
2191,13211739.052607547,synthetic_ground_truth
2192,1469544.4147147622,synthetic_ground_truth
2193,1934185.669498274,synthetic_ground_truth
2194,12981520.425051196,synthetic_ground_truth
2195,16803582.766420305,synthetic_ground_truth
2196,1279407.3532467731,synthetic_ground_truth
2197,11188878.455859298,synthetic_ground_truth
2198,4495928.771426199,synthetic_ground_truth
2199,3899296.6801322014,synthetic_ground_truth
2200,5299462.805077315,synthetic_ground_truth
2201,11632470.926341215,synthetic_ground_truth
2202,5291979.446456243,synthetic_ground_truth
2203,1323374.628082813,synthetic_ground_truth
2204,12896927.425402032,synthetic_ground_truth
2205,8484355.324134074,synthetic_ground_truth
2206,4103787.8024452617,synthetic_ground_truth
2207,7420842.001343592,synthetic_ground_truth
2208,9013884.29449121,synthetic_ground_truth
2209,11538645.344062926,synthetic_ground_truth
2210,8123038.546190958,synthetic_ground_truth
2211,12722337.989225565,synthetic_ground_truth
2212,9446933.65422758,synthetic_ground_truth
2213,27348853.566552192,synthetic_ground_truth
2214,49102426.53423177,synthetic_ground_truth
2215,11020407.689137332,synthetic_ground_truth
2216,5343905.605064115,synthetic_ground_truth
2217,2641987.1897475976,synthetic_ground_truth
2218,19570271.22794181,synthetic_ground_truth
2219,4216718.700235436,synthetic_ground_truth
2220,121788181.51147918,synthetic_ground_truth
2221,193488048.88050863,synthetic_ground_truth
2222,8067019.867096558,synthetic_ground_truth
2223,1930055.060958012,synthetic_ground_truth
2224,22519878.64996068,synthetic_ground_truth
2225,87445508.33869004,synthetic_ground_truth
2226,3014083.796242118,synthetic_ground_truth
2227,65003262.76814075,synthetic_ground_truth
2228,1702196.7828674694,synthetic_ground_truth
2229,2315288.8484701933,synthetic_ground_truth
2230,14188949.269246371,synthetic_ground_truth
2231,27403693.8776298,synthetic_ground_truth
2232,11571858.751839695,synthetic_ground_truth
2233,16319021.107166693,synthetic_ground_truth
2234,35271906.23125292,synthetic_ground_truth
2235,37862177.0323109,synthetic_ground_truth
2236,5537935.018683493,synthetic_ground_truth
2237,5028979.65785353,synthetic_ground_truth
2238,30671214.38870728,synthetic_ground_truth
2239,19515495.20453274,synthetic_ground_truth
2240,20957043.73584092,synthetic_ground_truth
2241,5040464.767840783,synthetic_ground_truth
2242,19058097.484498195,synthetic_ground_truth
2243,3466598.470632053,synthetic_ground_truth
2244,12748883.866552228,synthetic_ground_truth
2245,10970247.109161932,synthetic_ground_truth
2246,10983248.60018676,synthetic_ground_truth
2247,22033438.431747247,synthetic_ground_truth
2248,3824188.523522518,synthetic_ground_truth
2249,21026909.155091077,synthetic_ground_truth
2250,10262341.838835722,synthetic_ground_truth
2251,4669586.830008208,synthetic_ground_truth
2252,2827965.593162523,synthetic_ground_truth
2253,67270016.23998244,synthetic_ground_truth
2254,10416621.204147829,synthetic_ground_truth
2255,7508665.365873922,synthetic_ground_truth
2256,3353901.252148785,synthetic_ground_truth
2257,30880889.50400941,synthetic_ground_truth
2258,33355248.413211036,synthetic_ground_truth
2259,22822333.528517537,synthetic_ground_truth
2260,9147872.33201194,synthetic_ground_truth
2261,23190536.237655677,synthetic_ground_truth
2262,4847614.802674286,synthetic_ground_truth
2263,13872108.174603906,synthetic_ground_truth
2264,9704586.42343738,synthetic_ground_truth
2265,14516343.596141716,synthetic_ground_truth
2266,1749452.671691866,synthetic_ground_truth
2267,66649034.59239665,synthetic_ground_truth
2268,55853806.12111272,synthetic_ground_truth
2269,3530269.768724987,synthetic_ground_truth
2270,21125816.98896756,synthetic_ground_truth
2271,2452110.525744087,synthetic_ground_truth
2272,11791074.141080532,synthetic_ground_truth
2273,1176664.5319253374,synthetic_ground_truth
2274,9057455.748207089,synthetic_ground_truth
2275,6026387.005847482,synthetic_ground_truth
2276,35600616.85603552,synthetic_ground_truth
2277,51527399.86970517,synthetic_ground_truth
2278,53248982.15092344,synthetic_ground_truth
2279,38778517.22468158,synthetic_ground_truth
2280,11117190.785938144,synthetic_ground_truth
2281,14785153.022825452,synthetic_ground_truth
2282,16707628.3870162,synthetic_ground_truth
2283,3868089.5607297034,synthetic_ground_truth
2284,36419574.08124776,synthetic_ground_truth
2285,24097720.97243806,synthetic_ground_truth
2286,22984708.817372806,synthetic_ground_truth
2287,1061213.43202016,synthetic_ground_truth
2288,16074089.323119972,synthetic_ground_truth
2289,29726252.747509345,synthetic_ground_truth
2290,12933018.843149705,synthetic_ground_truth
2291,6405121.036267696,synthetic_ground_truth
2292,3150088.957393609,synthetic_ground_truth
2293,3124094.347418216,synthetic_ground_truth
2294,11620147.605962005,synthetic_ground_truth
2295,8761482.044894313,synthetic_ground_truth
2296,8476849.141099306,synthetic_ground_truth
2297,55082127.83811615,synthetic_ground_truth
2298,3598093.587693841,synthetic_ground_truth
2299,8740465.626844022,synthetic_ground_truth
2300,61618070.50795501,synthetic_ground_truth
2301,7213633.769207563,synthetic_ground_truth
2302,14032094.505103214,synthetic_ground_truth
2303,9097567.388024442,synthetic_ground_truth
2304,20114714.25987044,synthetic_ground_truth
2305,1305845.16909857,synthetic_ground_truth
2306,7905353.871428203,synthetic_ground_truth
2307,11078654.918974224,synthetic_ground_truth
2308,4381386.706064822,synthetic_ground_truth
2309,18312983.407880902,synthetic_ground_truth
2310,21167998.528025664,synthetic_ground_truth
2311,15385809.500340477,synthetic_ground_truth
2312,57184857.62822986,synthetic_ground_truth
2313,7203640.065057182,synthetic_ground_truth
2314,17156255.844447657,synthetic_ground_truth
2315,16086636.541556573,synthetic_ground_truth
2316,8554357.84307777,synthetic_ground_truth
2317,30299180.677015908,synthetic_ground_truth
2318,16410355.006803283,synthetic_ground_truth
2319,3600733.171980896,synthetic_ground_truth
2320,22824432.587310094,synthetic_ground_truth
2321,6083855.773950998,synthetic_ground_truth
2322,7461163.2053116625,synthetic_ground_truth
2323,8264684.263165505,synthetic_ground_truth
2324,23427541.27007371,synthetic_ground_truth
2325,29593557.494926862,synthetic_ground_truth
2326,8377946.477024212,synthetic_ground_truth
2327,8645420.434684351,synthetic_ground_truth
2328,1359669.1068605098,synthetic_ground_truth
2329,5738125.232230667,synthetic_ground_truth
2330,4076939.7295992095,synthetic_ground_truth
2331,15518094.82624981,synthetic_ground_truth
2332,9793814.190686062,synthetic_ground_truth
2333,4355849.596894836,synthetic_ground_truth
2334,11523049.312516518,synthetic_ground_truth
2335,12294472.924098644,synthetic_ground_truth
2336,806490.6045473723,synthetic_ground_truth
2337,36160731.65930521,synthetic_ground_truth
2338,28717143.16616894,synthetic_ground_truth
2339,9309701.37444648,synthetic_ground_truth
2340,14031833.74675084,synthetic_ground_truth
2341,8068952.082238458,synthetic_ground_truth
2342,2230756.4058590704,synthetic_ground_truth
2343,96612896.33855416,synthetic_ground_truth
2344,28090212.005336985,synthetic_ground_truth
2345,25280957.881426547,synthetic_ground_truth
2346,7938842.644886501,synthetic_ground_truth
2347,31799024.00697558,synthetic_ground_truth
2348,2471689.2962276693,synthetic_ground_truth
2349,7604868.780472472,synthetic_ground_truth
2350,22990070.67627449,synthetic_ground_truth
2351,5206597.23632551,synthetic_ground_truth
2352,24946011.656764187,synthetic_ground_truth
2353,14612898.139376922,synthetic_ground_truth
2354,15238151.114394188,synthetic_ground_truth
2355,5818191.700705415,synthetic_ground_truth
2356,15020076.06646109,synthetic_ground_truth
2357,85249602.52095184,synthetic_ground_truth
2358,11772822.963752666,synthetic_ground_truth
2359,20124920.269761603,synthetic_ground_truth
2360,20185566.191111498,synthetic_ground_truth
2361,3288205.2366990224,synthetic_ground_truth
2362,11852784.946058247,synthetic_ground_truth
2363,9157425.433288287,synthetic_ground_truth
2364,1386891.7047063056,synthetic_ground_truth
2365,27175537.311310463,synthetic_ground_truth
2366,4210151.203715173,synthetic_ground_truth
2367,20376124.99545966,synthetic_ground_truth
2368,6012816.124839047,synthetic_ground_truth
2369,90438394.24999352,synthetic_ground_truth
2370,9876726.73435926,synthetic_ground_truth
2371,67752704.82993062,synthetic_ground_truth
2372,9386056.58462407,synthetic_ground_truth
2373,10413051.150544956,synthetic_ground_truth
2374,51199792.20589498,synthetic_ground_truth
2375,5241695.132375999,synthetic_ground_truth
2376,11379740.10925197,synthetic_ground_truth
2377,18944469.94315252,synthetic_ground_truth
2378,15275624.778710816,synthetic_ground_truth
2379,12793794.226903733,synthetic_ground_truth
2380,10080686.77708081,synthetic_ground_truth
2381,22774113.845120355,synthetic_ground_truth
2382,12378457.799844433,synthetic_ground_truth
2383,27327968.25263812,synthetic_ground_truth
2384,17939123.379007723,synthetic_ground_truth
2385,20243065.052918736,synthetic_ground_truth
2386,31630578.9662698,synthetic_ground_truth
2387,7575876.699775236,synthetic_ground_truth
2388,31493974.792100426,synthetic_ground_truth
2389,10671714.304170674,synthetic_ground_truth
2390,2635880.5589836664,synthetic_ground_truth
2391,7494149.993478232,synthetic_ground_truth
2392,6016893.63155904,synthetic_ground_truth
2393,17142247.79145374,synthetic_ground_truth
2394,7242231.641375868,synthetic_ground_truth
2395,12311802.739245092,synthetic_ground_truth
2396,30732894.199770994,synthetic_ground_truth
2397,51631586.95203631,synthetic_ground_truth
2398,13484992.494982263,synthetic_ground_truth
2399,35193182.77419277,synthetic_ground_truth
2400,8991343.695749097,synthetic_ground_truth
2401,2115645.7123652315,synthetic_ground_truth
2402,3271432.2207863377,synthetic_ground_truth
2403,9100337.743817735,synthetic_ground_truth
2404,27088222.71156931,synthetic_ground_truth
2405,8812719.335735872,synthetic_ground_truth
2406,35679124.83746795,synthetic_ground_truth
2407,60896187.95054379,synthetic_ground_truth
2408,5039229.719913734,synthetic_ground_truth
2409,109516161.67064644,synthetic_ground_truth
2410,2100741.1861199667,synthetic_ground_truth
2411,66223685.58549187,synthetic_ground_truth
2412,12231773.0854526,synthetic_ground_truth
2413,8427848.483799092,synthetic_ground_truth
2414,12100503.814791698,synthetic_ground_truth
2415,4525696.481428172,synthetic_ground_truth
2416,53323101.09262042,synthetic_ground_truth
2417,5102200.292108627,synthetic_ground_truth
2418,7336017.304794291,synthetic_ground_truth
2419,2773671.931307709,synthetic_ground_truth
2420,4909342.745114651,synthetic_ground_truth
2421,6212937.896423055,synthetic_ground_truth
2422,4898492.84072455,synthetic_ground_truth
2423,10132400.999578873,synthetic_ground_truth
2424,3513090.534107246,synthetic_ground_truth
2425,48477855.29118151,synthetic_ground_truth
2426,9086633.1185347,synthetic_ground_truth
2427,14763870.346477889,synthetic_ground_truth
2428,31976974.605158005,synthetic_ground_truth
2429,84278881.12668751,synthetic_ground_truth
2430,26362827.28848612,synthetic_ground_truth
2431,9400466.76920478,synthetic_ground_truth
2432,3630449.345919552,synthetic_ground_truth
2433,14425186.478821434,synthetic_ground_truth
2434,29107764.19023235,synthetic_ground_truth
2435,11074223.243776685,synthetic_ground_truth
2436,12494426.665290866,synthetic_ground_truth
2437,13810291.30848996,synthetic_ground_truth
2438,1663555.0390797795,synthetic_ground_truth
2439,12392716.82643056,synthetic_ground_truth
2440,22776169.2047958,synthetic_ground_truth
2441,10099037.616320273,synthetic_ground_truth
2442,32811507.24536057,synthetic_ground_truth
2443,39011908.67293372,synthetic_ground_truth
2444,6845227.725156504,synthetic_ground_truth
2445,15399666.278297778,synthetic_ground_truth
2446,10947765.887155924,synthetic_ground_truth
2447,1283061.3098203978,synthetic_ground_truth
2448,8836137.848738201,synthetic_ground_truth
2449,3899115.091827631,synthetic_ground_truth
2450,14269286.630511448,synthetic_ground_truth
2451,24744034.46787238,synthetic_ground_truth
2452,7983428.841374156,synthetic_ground_truth
2453,4526569.953289522,synthetic_ground_truth
2454,15413387.664337642,synthetic_ground_truth
2455,134784032.4649456,synthetic_ground_truth
2456,1256568.8798605222,synthetic_ground_truth
2457,15217718.531329468,synthetic_ground_truth
2458,5887241.703141611,synthetic_ground_truth
2459,7687656.997949091,synthetic_ground_truth
2460,9988624.281431312,synthetic_ground_truth
2461,8833138.45380875,synthetic_ground_truth
2462,19327508.85549048,synthetic_ground_truth
2463,8735295.194851596,synthetic_ground_truth
2464,1381593.2677898528,synthetic_ground_truth
2465,41839586.43568269,synthetic_ground_truth
2466,38738482.61712566,synthetic_ground_truth
2467,6014335.870953876,synthetic_ground_truth
2468,12489936.585549222,synthetic_ground_truth
2469,32829188.54631229,synthetic_ground_truth
2470,36364150.3330994,synthetic_ground_truth
2471,42138584.31540776,synthetic_ground_truth
2472,14349668.42922971,synthetic_ground_truth
2473,21349598.451694056,synthetic_ground_truth
2474,44722572.841957785,synthetic_ground_truth
2475,7775462.513009733,synthetic_ground_truth
2476,15273179.288034584,synthetic_ground_truth
2477,1501517.98215481,synthetic_ground_truth
2478,2243030.9391602743,synthetic_ground_truth
2479,16892612.463951893,synthetic_ground_truth
2480,20362072.367091484,synthetic_ground_truth
2481,8286631.229945702,synthetic_ground_truth
2482,6573146.102852387,synthetic_ground_truth
2483,9189917.525517773,synthetic_ground_truth
2484,12688196.888074098,synthetic_ground_truth
2485,1050244.096910408,synthetic_ground_truth
2486,19210480.954919267,synthetic_ground_truth
2487,10743791.270921944,synthetic_ground_truth
2488,12884578.514957037,synthetic_ground_truth
2489,9089654.121107958,synthetic_ground_truth
2490,2659640.977381803,synthetic_ground_truth
2491,3634648.296953528,synthetic_ground_truth
2492,58949616.58084921,synthetic_ground_truth
2493,6196267.89962426,synthetic_ground_truth
2494,27290023.52652528,synthetic_ground_truth
2495,3804576.561039859,synthetic_ground_truth
2496,10413925.97900243,synthetic_ground_truth
2497,8441548.254694575,synthetic_ground_truth
2498,9525018.34430902,synthetic_ground_truth
2499,8560969.734880606,synthetic_ground_truth
2500,45689151.99630979,synthetic_ground_truth
2501,67087968.83145423,synthetic_ground_truth
2502,12435158.87444508,synthetic_ground_truth
2503,6592734.004317764,synthetic_ground_truth
2504,2710232.716683278,synthetic_ground_truth
2505,2573785.2747137323,synthetic_ground_truth
2506,43611526.21951969,synthetic_ground_truth
2507,2441666.0481059505,synthetic_ground_truth
2508,6308581.224714389,synthetic_ground_truth
2509,13671753.28712286,synthetic_ground_truth
2510,821317.6693458133,synthetic_ground_truth
2511,3502613.49949448,synthetic_ground_truth
2512,2961755.7098547365,synthetic_ground_truth
2513,5784583.9986536745,synthetic_ground_truth
2514,15329420.110458598,synthetic_ground_truth
2515,30232338.65213295,synthetic_ground_truth
2516,5599265.047276411,synthetic_ground_truth
2517,6821246.656344163,synthetic_ground_truth
2518,8845816.59653075,synthetic_ground_truth
2519,5613253.985451019,synthetic_ground_truth
2520,16556796.678360794,synthetic_ground_truth
2521,19278000.13677127,synthetic_ground_truth
2522,647583.1285513906,synthetic_ground_truth
2523,21227874.247174717,synthetic_ground_truth
2524,11318339.020874755,synthetic_ground_truth
2525,17002599.973438762,synthetic_ground_truth
2526,32817396.85867241,synthetic_ground_truth
2527,1915091.9433775733,synthetic_ground_truth
2528,2746732.5488726813,synthetic_ground_truth
2529,11358403.37222078,synthetic_ground_truth
2530,1006205.8904678955,synthetic_ground_truth
2531,9805289.13320568,synthetic_ground_truth
2532,24156676.413855005,synthetic_ground_truth
2533,15773265.249585465,synthetic_ground_truth
2534,10555023.32242662,synthetic_ground_truth
2535,10116822.04121657,synthetic_ground_truth
2536,7077173.216264236,synthetic_ground_truth
2537,6134966.258315653,synthetic_ground_truth
2538,14741837.861833457,synthetic_ground_truth
2539,2120587.91228827,synthetic_ground_truth
2540,50003642.89332844,synthetic_ground_truth
2541,5207712.827581881,synthetic_ground_truth
2542,20876769.275386017,synthetic_ground_truth
2543,11276746.906040972,synthetic_ground_truth
2544,3215269.7773825265,synthetic_ground_truth
2545,38252822.417647794,synthetic_ground_truth
2546,30762803.269655164,synthetic_ground_truth
2547,2319062.733978637,synthetic_ground_truth
2548,10147164.56445294,synthetic_ground_truth
2549,12041375.83277286,synthetic_ground_truth
2550,1407799.350404847,synthetic_ground_truth
2551,1264407.4718325594,synthetic_ground_truth
2552,4661086.819728635,synthetic_ground_truth
2553,2658265.3636073503,synthetic_ground_truth
2554,4667713.545194278,synthetic_ground_truth
2555,3285929.672287661,synthetic_ground_truth
2556,8589548.24097329,synthetic_ground_truth
2557,4688577.685991113,synthetic_ground_truth
2558,37564227.62594447,synthetic_ground_truth
2559,14378373.980419263,synthetic_ground_truth
2560,22343116.415452003,synthetic_ground_truth
2561,1822356.0378828717,synthetic_ground_truth
2562,5309637.034718974,synthetic_ground_truth
2563,11720063.363817098,synthetic_ground_truth
2564,16691001.867167473,synthetic_ground_truth
2565,5180359.110992845,synthetic_ground_truth
2566,6583185.377285289,synthetic_ground_truth
2567,6758937.060633644,synthetic_ground_truth
2568,8088702.858077817,synthetic_ground_truth
2569,116310515.51120712,synthetic_ground_truth
2570,13490672.572003078,synthetic_ground_truth
2571,11518642.284823332,synthetic_ground_truth
2572,3046226.915729172,synthetic_ground_truth
2573,3203746.2691384437,synthetic_ground_truth
2574,8205036.397807743,synthetic_ground_truth
2575,34008815.57248272,synthetic_ground_truth
2576,10024348.447231987,synthetic_ground_truth
2577,8470362.681808678,synthetic_ground_truth
2578,5792450.267860319,synthetic_ground_truth
2579,1947985.236766478,synthetic_ground_truth
2580,17550891.87124704,synthetic_ground_truth
2581,8010023.761484855,synthetic_ground_truth
2582,18714380.48825449,synthetic_ground_truth
2583,12229658.908385811,synthetic_ground_truth
2584,4680752.146916017,synthetic_ground_truth
2585,14470642.235643646,synthetic_ground_truth
2586,2824400.631180174,synthetic_ground_truth
2587,12923793.72281031,synthetic_ground_truth
2588,12198106.478554413,synthetic_ground_truth
2589,58976125.87694299,synthetic_ground_truth
2590,4461434.965910141,synthetic_ground_truth
2591,2843903.04013952,synthetic_ground_truth
2592,7159381.428692119,synthetic_ground_truth
2593,17661636.253639568,synthetic_ground_truth
2594,647728.7484649882,synthetic_ground_truth
2595,26214725.419717547,synthetic_ground_truth
2596,8788247.30890564,synthetic_ground_truth
2597,3440719.686380562,synthetic_ground_truth
2598,7580404.564984431,synthetic_ground_truth
2599,4635773.217727317,synthetic_ground_truth
2600,2850961.7498660632,synthetic_ground_truth
2601,1570887.8534618,synthetic_ground_truth
2602,20536598.64172709,synthetic_ground_truth
2603,5895252.636687353,synthetic_ground_truth
2604,9016704.54265132,synthetic_ground_truth
2605,23121788.237257056,synthetic_ground_truth
2606,11472251.216917835,synthetic_ground_truth
2607,2215095.6829240434,synthetic_ground_truth
2608,23258780.70990937,synthetic_ground_truth
2609,52416341.07539508,synthetic_ground_truth
2610,16962507.27122071,synthetic_ground_truth
2611,4599381.259413616,synthetic_ground_truth
2612,2892595.782457393,synthetic_ground_truth
2613,4767992.679737317,synthetic_ground_truth
2614,11878539.346597226,synthetic_ground_truth
2615,43508343.67395597,synthetic_ground_truth
2616,5052709.700373579,synthetic_ground_truth
2617,5990677.649412887,synthetic_ground_truth
2618,28154322.070075866,synthetic_ground_truth
2619,6567995.385677285,synthetic_ground_truth
2620,58590328.593766496,synthetic_ground_truth
2621,8564973.718793686,synthetic_ground_truth
2622,41050695.38004426,synthetic_ground_truth
2623,18970791.211719923,synthetic_ground_truth
2624,19610756.282229785,synthetic_ground_truth
2625,8716936.686240278,synthetic_ground_truth
2626,8783607.199040476,synthetic_ground_truth
2627,16011753.556107769,synthetic_ground_truth
2628,25098664.948979817,synthetic_ground_truth
2629,20620844.577325176,synthetic_ground_truth
2630,1726262.5441254133,synthetic_ground_truth
2631,17440963.130224176,synthetic_ground_truth
2632,4982165.753077969,synthetic_ground_truth
2633,7333427.254445855,synthetic_ground_truth
2634,18527515.87689189,synthetic_ground_truth
2635,58864215.489525616,synthetic_ground_truth
2636,10532999.721298,synthetic_ground_truth
2637,72539258.44616441,synthetic_ground_truth
2638,3517072.164587219,synthetic_ground_truth
2639,42258064.66182078,synthetic_ground_truth
2640,15799676.245016484,synthetic_ground_truth
2641,14982032.918174643,synthetic_ground_truth
2642,44164417.87340176,synthetic_ground_truth
2643,5627761.436909304,synthetic_ground_truth
2644,39566856.82175195,synthetic_ground_truth
2645,9659744.70416256,synthetic_ground_truth
2646,5702964.222986752,synthetic_ground_truth
2647,3148722.271401792,synthetic_ground_truth
2648,46906151.15594112,synthetic_ground_truth
2649,38033078.88436289,synthetic_ground_truth
2650,7647966.619261058,synthetic_ground_truth
2651,18570102.56364262,synthetic_ground_truth
2652,12490324.438575009,synthetic_ground_truth
2653,6952420.67989697,synthetic_ground_truth
2654,26375293.35780778,synthetic_ground_truth
2655,6534965.311918204,synthetic_ground_truth
2656,1188236.7301377873,synthetic_ground_truth
2657,15255993.136206308,synthetic_ground_truth
2658,12708374.951327128,synthetic_ground_truth
2659,5813039.613544895,synthetic_ground_truth
2660,4977736.056158651,synthetic_ground_truth
2661,2451983.5899231434,synthetic_ground_truth
2662,6970471.222028507,synthetic_ground_truth
2663,4828510.495846812,synthetic_ground_truth
2664,27074868.9437356,synthetic_ground_truth
2665,16697585.894975876,synthetic_ground_truth
2666,6312619.876583214,synthetic_ground_truth
2667,17223038.22865637,synthetic_ground_truth
2668,9973104.589556262,synthetic_ground_truth
2669,9212715.778622434,synthetic_ground_truth
2670,9521849.959216624,synthetic_ground_truth
2671,74334873.9652045,synthetic_ground_truth
2672,19180895.79205782,synthetic_ground_truth
2673,7692782.284640714,synthetic_ground_truth
2674,29439779.06402961,synthetic_ground_truth
2675,22653219.60914884,synthetic_ground_truth
2676,14431392.811852582,synthetic_ground_truth
2677,7444694.249106752,synthetic_ground_truth
2678,7288775.053011074,synthetic_ground_truth
2679,3778735.427815493,synthetic_ground_truth
2680,13179333.675531903,synthetic_ground_truth
2681,6593717.847383495,synthetic_ground_truth
2682,7868955.588687469,synthetic_ground_truth
2683,23563567.109063376,synthetic_ground_truth
2684,66476287.40024097,synthetic_ground_truth
2685,15770285.345507525,synthetic_ground_truth
2686,9152409.835230138,synthetic_ground_truth
2687,11660836.027051335,synthetic_ground_truth
2688,32991377.178528983,synthetic_ground_truth
2689,14784397.957368664,synthetic_ground_truth
2690,12830299.726292562,synthetic_ground_truth
2691,14768967.694705123,synthetic_ground_truth
2692,2538898.081577972,synthetic_ground_truth
2693,14524414.237841172,synthetic_ground_truth
2694,4518234.3374217255,synthetic_ground_truth
2695,17978185.544408612,synthetic_ground_truth
2696,5097993.186809024,synthetic_ground_truth
2697,23296637.070536625,synthetic_ground_truth
2698,8821388.664533691,synthetic_ground_truth
2699,3382369.1841121307,synthetic_ground_truth
2700,8191217.9312997535,synthetic_ground_truth
2701,88897311.79390539,synthetic_ground_truth
2702,1100243.7255992864,synthetic_ground_truth
2703,13832499.14902516,synthetic_ground_truth
2704,3887033.312592559,synthetic_ground_truth
2705,43587797.68674429,synthetic_ground_truth
2706,24079391.333207004,synthetic_ground_truth
2707,11869385.14041859,synthetic_ground_truth
2708,28348954.57225948,synthetic_ground_truth
2709,14485546.107051868,synthetic_ground_truth
2710,9863175.296563543,synthetic_ground_truth
2711,5840405.579989007,synthetic_ground_truth
2712,8404181.604938416,synthetic_ground_truth
2713,6802821.104957217,synthetic_ground_truth
2714,11254836.350924805,synthetic_ground_truth
2715,1840656.1949065628,synthetic_ground_truth
2716,28521785.012576547,synthetic_ground_truth
2717,76863915.76731397,synthetic_ground_truth
2718,6775603.800219957,synthetic_ground_truth
2719,39194571.06207237,synthetic_ground_truth
2720,9034304.885871172,synthetic_ground_truth
2721,7257620.56358038,synthetic_ground_truth
2722,6723533.459222777,synthetic_ground_truth
2723,12445505.388804523,synthetic_ground_truth
2724,4874403.421924666,synthetic_ground_truth
2725,17743972.2966796,synthetic_ground_truth
2726,6034269.459807381,synthetic_ground_truth
2727,3675095.0373159377,synthetic_ground_truth
2728,12089613.873103542,synthetic_ground_truth
2729,5130951.551208213,synthetic_ground_truth
2730,8088228.707739981,synthetic_ground_truth
2731,9566108.26287997,synthetic_ground_truth
2732,2565651.308382708,synthetic_ground_truth
2733,45353506.25546879,synthetic_ground_truth
2734,24577502.709977016,synthetic_ground_truth
2735,5784954.963181861,synthetic_ground_truth
2736,9784398.343942136,synthetic_ground_truth
2737,19441961.542212047,synthetic_ground_truth
2738,12916504.490026409,synthetic_ground_truth
2739,71317270.94972867,synthetic_ground_truth
2740,9250915.849776285,synthetic_ground_truth
2741,32218530.990622483,synthetic_ground_truth
2742,2919639.852754786,synthetic_ground_truth
2743,3725288.1081154896,synthetic_ground_truth
2744,67016103.87574038,synthetic_ground_truth
2745,8222166.34043112,synthetic_ground_truth
2746,3235566.632243295,synthetic_ground_truth
2747,9440821.110707698,synthetic_ground_truth
2748,38852081.207554735,synthetic_ground_truth
2749,4602173.175778973,synthetic_ground_truth
2750,9823664.75351962,synthetic_ground_truth
2751,1514746.013968992,synthetic_ground_truth
2752,6029562.92934045,synthetic_ground_truth
2753,31712895.70576197,synthetic_ground_truth
2754,5160083.716073746,synthetic_ground_truth
2755,2960290.9298220244,synthetic_ground_truth
2756,4950481.770272445,synthetic_ground_truth
2757,5645508.452313896,synthetic_ground_truth
2758,22880865.37840901,synthetic_ground_truth
2759,15784130.541373895,synthetic_ground_truth
2760,19346094.02820997,synthetic_ground_truth
2761,10216356.398646342,synthetic_ground_truth
2762,5673400.287810272,synthetic_ground_truth
2763,5032017.705834158,synthetic_ground_truth
2764,16747577.479072358,synthetic_ground_truth
2765,47430933.56456506,synthetic_ground_truth
2766,4510648.315695476,synthetic_ground_truth
2767,4429771.526623662,synthetic_ground_truth
2768,3520354.997978856,synthetic_ground_truth
2769,24388279.583465647,synthetic_ground_truth
2770,11199971.460691664,synthetic_ground_truth
2771,20071716.84815821,synthetic_ground_truth
2772,6701829.530334295,synthetic_ground_truth
2773,22058896.723111287,synthetic_ground_truth
2774,8162065.456831135,synthetic_ground_truth
2775,2190558.8605442424,synthetic_ground_truth
2776,27157817.400882524,synthetic_ground_truth
2777,10563545.777179752,synthetic_ground_truth
2778,7051086.7000930365,synthetic_ground_truth
2779,13355707.066024302,synthetic_ground_truth
2780,2593549.670898754,synthetic_ground_truth
2781,16441600.756925078,synthetic_ground_truth
2782,5830207.162531669,synthetic_ground_truth
2783,10568123.280441506,synthetic_ground_truth
2784,31732018.92867149,synthetic_ground_truth
2785,20831864.35772985,synthetic_ground_truth
2786,9528688.223773172,synthetic_ground_truth
2787,10596368.21474307,synthetic_ground_truth
2788,972474.4832064784,synthetic_ground_truth
2789,4895010.517263019,synthetic_ground_truth
2790,12676451.743897889,synthetic_ground_truth
2791,4554789.93804164,synthetic_ground_truth
2792,2953581.589675578,synthetic_ground_truth
2793,17496866.427626707,synthetic_ground_truth
2794,47566779.57064673,synthetic_ground_truth
2795,5891971.753807444,synthetic_ground_truth
2796,24539913.13008537,synthetic_ground_truth
2797,25063242.16683892,synthetic_ground_truth
2798,3987839.668175527,synthetic_ground_truth
2799,4735722.504384792,synthetic_ground_truth
2800,63985172.87633039,synthetic_ground_truth
2801,3424188.0393128432,synthetic_ground_truth
2802,5740385.183297291,synthetic_ground_truth
2803,77992002.92672697,synthetic_ground_truth
2804,5807657.609321138,synthetic_ground_truth
2805,39844910.09385172,synthetic_ground_truth
2806,3947899.29817503,synthetic_ground_truth
2807,11552164.48861663,synthetic_ground_truth
2808,35927437.13279064,synthetic_ground_truth
2809,7044798.538704541,synthetic_ground_truth
2810,11361337.889461985,synthetic_ground_truth
2811,21582036.0959275,synthetic_ground_truth
2812,4997838.699491316,synthetic_ground_truth
2813,92001934.6532574,synthetic_ground_truth
2814,27773066.8389065,synthetic_ground_truth
2815,8544512.883040875,synthetic_ground_truth
2816,8992870.848524306,synthetic_ground_truth
2817,82528294.07921068,synthetic_ground_truth
2818,8188698.431473457,synthetic_ground_truth
2819,6614717.79723802,synthetic_ground_truth
2820,35960298.85507185,synthetic_ground_truth
2821,2406858.962365177,synthetic_ground_truth
2822,11814891.754624603,synthetic_ground_truth
2823,11938591.970016588,synthetic_ground_truth
2824,5327912.847377859,synthetic_ground_truth
2825,2068578.0000788611,synthetic_ground_truth
2826,13020035.094669092,synthetic_ground_truth
2827,21365051.025445405,synthetic_ground_truth
2828,6129353.196496022,synthetic_ground_truth
2829,3421201.6663906,synthetic_ground_truth
2830,39078766.77774483,synthetic_ground_truth
2831,16687569.394472504,synthetic_ground_truth
2832,6905202.846787223,synthetic_ground_truth
2833,31423003.746757694,synthetic_ground_truth
2834,13143529.106725188,synthetic_ground_truth
2835,71383913.33582075,synthetic_ground_truth
2836,20790964.042857613,synthetic_ground_truth
2837,2578859.019450255,synthetic_ground_truth
2838,6005808.736776662,synthetic_ground_truth
2839,6478747.055765914,synthetic_ground_truth
2840,16891451.591692895,synthetic_ground_truth
2841,7700467.769033105,synthetic_ground_truth
2842,4233252.219581854,synthetic_ground_truth
2843,17580868.58082107,synthetic_ground_truth
2844,34906173.2312305,synthetic_ground_truth
2845,10479192.275527151,synthetic_ground_truth
2846,15971875.344588384,synthetic_ground_truth
2847,3805124.590260868,synthetic_ground_truth
2848,7161417.895415204,synthetic_ground_truth
2849,6368759.605381973,synthetic_ground_truth
2850,18882723.14545184,synthetic_ground_truth
2851,14107247.66455584,synthetic_ground_truth
2852,7302546.354305841,synthetic_ground_truth
2853,7219649.167008836,synthetic_ground_truth
2854,1734376.8277723226,synthetic_ground_truth
2855,54897050.95791813,synthetic_ground_truth
2856,1211648.223310259,synthetic_ground_truth
2857,16391224.352290906,synthetic_ground_truth
2858,11745413.995005444,synthetic_ground_truth
2859,7563312.853857687,synthetic_ground_truth
2860,9939357.83408757,synthetic_ground_truth
2861,5440220.978783224,synthetic_ground_truth
2862,24901995.51376347,synthetic_ground_truth
2863,2895896.786964207,synthetic_ground_truth
2864,15094161.0263226,synthetic_ground_truth
2865,6296684.00522616,synthetic_ground_truth
2866,8170370.386922406,synthetic_ground_truth
2867,9051160.639972009,synthetic_ground_truth
2868,9479555.818802351,synthetic_ground_truth
2869,17999545.78196841,synthetic_ground_truth
2870,9661144.36127247,synthetic_ground_truth
2871,26876241.87528631,synthetic_ground_truth
2872,34849209.05956121,synthetic_ground_truth
2873,16303370.79663932,synthetic_ground_truth
2874,26358338.94485455,synthetic_ground_truth
2875,82701977.61135235,synthetic_ground_truth
2876,2861458.8066728497,synthetic_ground_truth
2877,33960085.230487846,synthetic_ground_truth
2878,48886521.07349571,synthetic_ground_truth
2879,15515790.886195002,synthetic_ground_truth
2880,81622451.10756743,synthetic_ground_truth
2881,63022523.12623716,synthetic_ground_truth
2882,9182601.387611182,synthetic_ground_truth
2883,8306002.296931073,synthetic_ground_truth
2884,20230340.438608408,synthetic_ground_truth
2885,5708756.16713397,synthetic_ground_truth
2886,192199645.5527396,synthetic_ground_truth
2887,27392660.43554036,synthetic_ground_truth
2888,11641800.52533783,synthetic_ground_truth
2889,2879130.042726652,synthetic_ground_truth
2890,14494150.31045473,synthetic_ground_truth
2891,3348255.120488576,synthetic_ground_truth
2892,23519641.95982773,synthetic_ground_truth
2893,796319.2282892175,synthetic_ground_truth
2894,45770202.958098456,synthetic_ground_truth
2895,7052261.420153028,synthetic_ground_truth
2896,2202886.3800444547,synthetic_ground_truth
2897,9452039.876546944,synthetic_ground_truth
2898,12446246.047095176,synthetic_ground_truth
2899,9649308.028010469,synthetic_ground_truth
2900,41545715.1651737,synthetic_ground_truth
2901,18122490.217124466,synthetic_ground_truth
2902,23808373.11858879,synthetic_ground_truth
2903,8858207.959376985,synthetic_ground_truth
2904,16632985.456421452,synthetic_ground_truth
2905,2871233.4331554435,synthetic_ground_truth
2906,14854395.856332265,synthetic_ground_truth
2907,5428586.173871894,synthetic_ground_truth
2908,40451161.1463308,synthetic_ground_truth
2909,10638738.88230572,synthetic_ground_truth
2910,18976978.77031552,synthetic_ground_truth
2911,13353897.200639611,synthetic_ground_truth
2912,67421846.2242872,synthetic_ground_truth
2913,2257944.010277578,synthetic_ground_truth
2914,10546897.377636902,synthetic_ground_truth
2915,3840781.0834719567,synthetic_ground_truth
2916,1408372.4751332437,synthetic_ground_truth
2917,3682797.749842009,synthetic_ground_truth
2918,36053427.9385448,synthetic_ground_truth
2919,11767264.846614117,synthetic_ground_truth
2920,8484545.035789598,synthetic_ground_truth
2921,23979923.10543032,synthetic_ground_truth
2922,14486023.588012416,synthetic_ground_truth
2923,21229191.54341049,synthetic_ground_truth
2924,13771737.398867726,synthetic_ground_truth
2925,18209280.29571072,synthetic_ground_truth
2926,7578827.178108092,synthetic_ground_truth
2927,34641828.97836331,synthetic_ground_truth
2928,3539946.402605142,synthetic_ground_truth
2929,9577641.879676294,synthetic_ground_truth
2930,38168911.80789327,synthetic_ground_truth
2931,8488525.64539954,synthetic_ground_truth
2932,6797362.067509204,synthetic_ground_truth
2933,123223104.45239678,synthetic_ground_truth
2934,55064004.22676785,synthetic_ground_truth
2935,11180688.200714985,synthetic_ground_truth
2936,4147119.052440784,synthetic_ground_truth
2937,1696292.6246022251,synthetic_ground_truth
2938,21260392.408499934,synthetic_ground_truth
2939,37904728.80695458,synthetic_ground_truth
2940,14565185.620484091,synthetic_ground_truth
2941,1836547.9788079483,synthetic_ground_truth
2942,14132805.391059466,synthetic_ground_truth
2943,6473340.116331907,synthetic_ground_truth
2944,13056197.174086109,synthetic_ground_truth
2945,76596875.66792376,synthetic_ground_truth
2946,22882046.250214767,synthetic_ground_truth
2947,23271380.80708204,synthetic_ground_truth
2948,9832863.218173698,synthetic_ground_truth
2949,17466251.45958029,synthetic_ground_truth
2950,5576657.4739561295,synthetic_ground_truth
2951,20221983.91261759,synthetic_ground_truth
2952,8002543.493891614,synthetic_ground_truth
2953,5500942.323195753,synthetic_ground_truth
2954,26915957.157280885,synthetic_ground_truth
2955,1061908.620158115,synthetic_ground_truth
2956,6064872.636596697,synthetic_ground_truth
2957,19095271.188943647,synthetic_ground_truth
2958,35895918.128063284,synthetic_ground_truth
2959,16831972.327121943,synthetic_ground_truth
2960,6244225.098174538,synthetic_ground_truth
2961,10311045.413196884,synthetic_ground_truth
2962,13611383.500914617,synthetic_ground_truth
2963,57019077.119979925,synthetic_ground_truth
2964,29445298.353258677,synthetic_ground_truth
2965,26247203.4226672,synthetic_ground_truth
2966,11615871.83670148,synthetic_ground_truth
2967,4444318.599204429,synthetic_ground_truth
2968,2369636.9356486443,synthetic_ground_truth
2969,7688344.036709733,synthetic_ground_truth
2970,19722751.18175872,synthetic_ground_truth
2971,7421073.264558626,synthetic_ground_truth
2972,19809979.164332256,synthetic_ground_truth
2973,4783787.487246417,synthetic_ground_truth
2974,5380219.23906432,synthetic_ground_truth
2975,39715968.28745131,synthetic_ground_truth
2976,21814652.72177324,synthetic_ground_truth
2977,9001538.897154953,synthetic_ground_truth
2978,4797984.6447797,synthetic_ground_truth
2979,32530522.27114373,synthetic_ground_truth
2980,26846822.28431741,synthetic_ground_truth
2981,19310897.0564198,synthetic_ground_truth
2982,8036683.739983495,synthetic_ground_truth
2983,3549511.0582433017,synthetic_ground_truth
2984,10927448.74044951,synthetic_ground_truth
2985,46722574.41522722,synthetic_ground_truth
2986,3879180.029194772,synthetic_ground_truth
2987,12040208.916074391,synthetic_ground_truth
2988,59879018.24690345,synthetic_ground_truth
2989,8255377.836644406,synthetic_ground_truth
2990,11444336.772067498,synthetic_ground_truth
2991,3016849.0541194896,synthetic_ground_truth
2992,20630793.15345988,synthetic_ground_truth
2993,4632178.890855945,synthetic_ground_truth
2994,2254349.605029481,synthetic_ground_truth
2995,3713276.0302521545,synthetic_ground_truth
2996,12695237.527439024,synthetic_ground_truth
2997,1994542.3151453263,synthetic_ground_truth
2998,3121854.893475065,synthetic_ground_truth
2999,18360627.17653581,synthetic_ground_truth
3000,9719366.951118983,synthetic_ground_truth
3001,4307236.819404486,synthetic_ground_truth
3002,7226945.865196591,synthetic_ground_truth
3003,56798040.72356863,synthetic_ground_truth
3004,43959409.7645981,synthetic_ground_truth
3005,10928471.79608589,synthetic_ground_truth
3006,22136265.14732633,synthetic_ground_truth
3007,13988817.917271305,synthetic_ground_truth
3008,1909038.6030361743,synthetic_ground_truth
3009,1518023.0490266448,synthetic_ground_truth
3010,4252831.773879768,synthetic_ground_truth
3011,2076983.698416412,synthetic_ground_truth
3012,13453465.13739694,synthetic_ground_truth
3013,6531156.464414443,synthetic_ground_truth
3014,15827202.37108894,synthetic_ground_truth
3015,15671372.787015636,synthetic_ground_truth
3016,19681932.75399104,synthetic_ground_truth
3017,4029088.157951064,synthetic_ground_truth
3018,18141213.65762972,synthetic_ground_truth
3019,4162450.491787283,synthetic_ground_truth
3020,20727231.100034054,synthetic_ground_truth
3021,37897326.27513416,synthetic_ground_truth
3022,23880190.986520395,synthetic_ground_truth
3023,9187722.207417408,synthetic_ground_truth
3024,19681333.532769285,synthetic_ground_truth
3025,2741309.784662133,synthetic_ground_truth
3026,1670344.4610956802,synthetic_ground_truth
3027,17661120.38470261,synthetic_ground_truth
3028,44248143.037439406,synthetic_ground_truth
3029,2882217.0105210934,synthetic_ground_truth
3030,11194984.08966676,synthetic_ground_truth
3031,15948364.507799065,synthetic_ground_truth
3032,5624655.356356353,synthetic_ground_truth
3033,8230840.040747266,synthetic_ground_truth
3034,20403868.541709237,synthetic_ground_truth
3035,11594941.42710914,synthetic_ground_truth
3036,12334143.588437986,synthetic_ground_truth
3037,4180897.984224992,synthetic_ground_truth
3038,10262041.435638564,synthetic_ground_truth
3039,8394383.09575399,synthetic_ground_truth
3040,8439528.191785749,synthetic_ground_truth
3041,5784417.286185618,synthetic_ground_truth
3042,9450542.656133387,synthetic_ground_truth
3043,5058139.939861692,synthetic_ground_truth
3044,12298308.57157143,synthetic_ground_truth
3045,6973078.250410441,synthetic_ground_truth
3046,4595993.112202988,synthetic_ground_truth
3047,1567256.0584145577,synthetic_ground_truth
3048,33369998.94433277,synthetic_ground_truth
3049,22965227.37740844,synthetic_ground_truth
3050,4702767.833205648,synthetic_ground_truth
3051,21975424.385937743,synthetic_ground_truth
3052,3883257.168008314,synthetic_ground_truth
3053,7441087.774852594,synthetic_ground_truth
3054,7129605.125355482,synthetic_ground_truth
3055,8087431.159376824,synthetic_ground_truth
3056,22394472.028008103,synthetic_ground_truth
3057,7928420.224895645,synthetic_ground_truth
3058,7415996.624644818,synthetic_ground_truth
3059,23147933.305041235,synthetic_ground_truth
3060,11871568.39169274,synthetic_ground_truth
3061,5630702.374770552,synthetic_ground_truth
3062,13202416.266913116,synthetic_ground_truth
3063,27333037.8366608,synthetic_ground_truth
3064,36619758.61847546,synthetic_ground_truth
3065,2569158.97872352,synthetic_ground_truth
3066,3110394.8270215085,synthetic_ground_truth
3067,28458770.383847944,synthetic_ground_truth
3068,8700157.16306208,synthetic_ground_truth
3069,1070314.996993069,synthetic_ground_truth
3070,5918119.457376969,synthetic_ground_truth
3071,7739387.65709045,synthetic_ground_truth
3072,7836809.501040302,synthetic_ground_truth
3073,22435254.703202374,synthetic_ground_truth
3074,4116697.0835518464,synthetic_ground_truth
3075,25706423.66974276,synthetic_ground_truth
3076,15975682.823645124,synthetic_ground_truth
3077,2762690.085312461,synthetic_ground_truth
3078,8902592.689505491,synthetic_ground_truth
3079,20973852.43659901,synthetic_ground_truth
3080,11049626.109357163,synthetic_ground_truth
3081,15527979.141761996,synthetic_ground_truth
3082,6272827.7157469895,synthetic_ground_truth
3083,20420381.26077808,synthetic_ground_truth
3084,6738920.539930957,synthetic_ground_truth
3085,144974053.0392416,synthetic_ground_truth
3086,2647110.558661279,synthetic_ground_truth
3087,181646705.8493393,synthetic_ground_truth
3088,4764722.3077601455,synthetic_ground_truth
3089,44551362.0035029,synthetic_ground_truth
3090,31044452.714436103,synthetic_ground_truth
3091,4672162.614635836,synthetic_ground_truth
3092,19286167.976511557,synthetic_ground_truth
3093,6574650.681943755,synthetic_ground_truth
3094,14522368.113226593,synthetic_ground_truth
3095,12179271.471345251,synthetic_ground_truth
3096,9023411.095073689,synthetic_ground_truth
3097,6529818.679907896,synthetic_ground_truth
3098,14222068.196156325,synthetic_ground_truth
3099,5010188.018853423,synthetic_ground_truth
3100,4688635.524662952,synthetic_ground_truth
3101,28486639.83032139,synthetic_ground_truth
3102,16853915.03212744,synthetic_ground_truth
3103,3377365.568142629,synthetic_ground_truth
3104,4413528.019534082,synthetic_ground_truth
3105,1317846.355584247,synthetic_ground_truth
3106,26470635.0173682,synthetic_ground_truth
3107,21001221.03328748,synthetic_ground_truth
3108,3620715.99921658,synthetic_ground_truth
3109,20698867.660905734,synthetic_ground_truth
3110,74762735.16992211,synthetic_ground_truth
3111,2495320.710187902,synthetic_ground_truth
3112,5695743.071570873,synthetic_ground_truth
3113,2206740.3042195933,synthetic_ground_truth
3114,24827044.088374425,synthetic_ground_truth
3115,9404901.364777775,synthetic_ground_truth
3116,7047381.864074435,synthetic_ground_truth
3117,13471905.10230296,synthetic_ground_truth
3118,7534153.137056792,synthetic_ground_truth
3119,8167967.798691577,synthetic_ground_truth
3120,15914169.754069705,synthetic_ground_truth
3121,7018723.528896854,synthetic_ground_truth
3122,7577932.114096406,synthetic_ground_truth
3123,10651555.786804331,synthetic_ground_truth
3124,11260244.390594278,synthetic_ground_truth
3125,23487290.74215252,synthetic_ground_truth
3126,17568184.60148477,synthetic_ground_truth
3127,2394893.568168341,synthetic_ground_truth
3128,49453520.82725774,synthetic_ground_truth
3129,12820599.775486236,synthetic_ground_truth
3130,7532170.494078717,synthetic_ground_truth
3131,4026599.80144257,synthetic_ground_truth
3132,73589797.76586546,synthetic_ground_truth
3133,120250998.49313442,synthetic_ground_truth
3134,65818306.63360952,synthetic_ground_truth
3135,11541537.962361071,synthetic_ground_truth
3136,17138058.85948513,synthetic_ground_truth
3137,52446093.07610159,synthetic_ground_truth
3138,9088349.29462472,synthetic_ground_truth
3139,17576956.906082995,synthetic_ground_truth
3140,15665784.659619007,synthetic_ground_truth
3141,70642615.510593,synthetic_ground_truth
3142,46576321.94969531,synthetic_ground_truth
3143,9182215.763157928,synthetic_ground_truth
3144,44373562.073494,synthetic_ground_truth
3145,10094372.079369254,synthetic_ground_truth
3146,6137015.021402972,synthetic_ground_truth
3147,8674741.162777849,synthetic_ground_truth
3148,12433446.832047436,synthetic_ground_truth
3149,4626054.843298406,synthetic_ground_truth
3150,6157418.846643703,synthetic_ground_truth
3151,2422263.3578524045,synthetic_ground_truth
3152,4699465.69379409,synthetic_ground_truth
3153,13634977.548156636,synthetic_ground_truth
3154,27403984.498630967,synthetic_ground_truth
3155,26920196.973565705,synthetic_ground_truth
3156,19448564.388423685,synthetic_ground_truth
3157,2397110.852112941,synthetic_ground_truth
3158,4469287.967720874,synthetic_ground_truth
3159,10475255.27704588,synthetic_ground_truth
3160,29498386.24955872,synthetic_ground_truth
3161,5811084.49443359,synthetic_ground_truth
3162,3015230.990529264,synthetic_ground_truth
3163,42891793.22378674,synthetic_ground_truth
3164,4829683.28404524,synthetic_ground_truth
3165,3195478.538760808,synthetic_ground_truth
3166,13373975.064091813,synthetic_ground_truth
3167,10785861.94158583,synthetic_ground_truth
3168,7122194.719694989,synthetic_ground_truth
3169,10438008.987962907,synthetic_ground_truth
3170,3943100.693603807,synthetic_ground_truth
3171,7506056.959280036,synthetic_ground_truth
3172,10268195.374496603,synthetic_ground_truth
3173,1264306.2922344806,synthetic_ground_truth
3174,29056037.308409225,synthetic_ground_truth
3175,3023649.801688269,synthetic_ground_truth
3176,4153736.07817928,synthetic_ground_truth
3177,33908645.00518166,synthetic_ground_truth
3178,18916538.43146828,synthetic_ground_truth
3179,11622842.1845743,synthetic_ground_truth
3180,1971137.557264509,synthetic_ground_truth
3181,5379797.057431974,synthetic_ground_truth
3182,9639847.269599436,synthetic_ground_truth
3183,10418569.394852553,synthetic_ground_truth
3184,34886428.176234834,synthetic_ground_truth
3185,74728321.18053848,synthetic_ground_truth
3186,18689668.877489317,synthetic_ground_truth
3187,5840856.855318585,synthetic_ground_truth
3188,41239036.40554751,synthetic_ground_truth
3189,7233230.173109053,synthetic_ground_truth
3190,774572.2186790697,synthetic_ground_truth
3191,2837841.205013813,synthetic_ground_truth
3192,1020693.0631704656,synthetic_ground_truth
3193,7570572.507412476,synthetic_ground_truth
3194,8986953.228959432,synthetic_ground_truth
3195,2145634.884713948,synthetic_ground_truth
3196,4543847.435942787,synthetic_ground_truth
3197,2588580.623606119,synthetic_ground_truth
3198,9666060.967598492,synthetic_ground_truth
3199,4537779.76529979,synthetic_ground_truth
3200,28690787.11978705,synthetic_ground_truth
3201,11721242.592453787,synthetic_ground_truth
3202,50757201.959041685,synthetic_ground_truth
3203,6178024.640706953,synthetic_ground_truth
3204,91902312.13115512,synthetic_ground_truth
3205,12931887.919809762,synthetic_ground_truth
3206,6659780.407411405,synthetic_ground_truth
3207,114582882.66189983,synthetic_ground_truth
3208,1722223.9624213688,synthetic_ground_truth
3209,6068588.328015102,synthetic_ground_truth
3210,1949195.3840930937,synthetic_ground_truth
3211,2105069.535214162,synthetic_ground_truth
3212,1274225.6581079124,synthetic_ground_truth
3213,19743721.32352685,synthetic_ground_truth
3214,2798636.9775118288,synthetic_ground_truth
3215,8309007.254816676,synthetic_ground_truth
3216,24359580.591721386,synthetic_ground_truth
3217,15686141.539871749,synthetic_ground_truth
3218,17807092.353776544,synthetic_ground_truth
3219,34903929.28296012,synthetic_ground_truth
3220,58869639.99583982,synthetic_ground_truth
3221,3567230.934247581,synthetic_ground_truth
3222,16988657.37932963,synthetic_ground_truth
3223,8328267.302337784,synthetic_ground_truth
3224,10886214.195455952,synthetic_ground_truth
3225,2245094.0728257056,synthetic_ground_truth
3226,5918081.671876841,synthetic_ground_truth
3227,6999692.848763998,synthetic_ground_truth
3228,45184025.725186646,synthetic_ground_truth
3229,3273691.523901855,synthetic_ground_truth
3230,933180.37626065,synthetic_ground_truth
3231,11963537.349420194,synthetic_ground_truth
3232,3238997.1757729696,synthetic_ground_truth
3233,9014587.225092256,synthetic_ground_truth
3234,19938661.71400382,synthetic_ground_truth
3235,9079336.967210788,synthetic_ground_truth
3236,8403625.113676105,synthetic_ground_truth
3237,9176488.405803606,synthetic_ground_truth
3238,24342056.90849083,synthetic_ground_truth
3239,3374127.491718388,synthetic_ground_truth
3240,23849962.88865623,synthetic_ground_truth
3241,3767872.969862073,synthetic_ground_truth
3242,19281898.39592488,synthetic_ground_truth
3243,2186375.2789525203,synthetic_ground_truth
3244,18480707.216452997,synthetic_ground_truth
3245,9424819.547068495,synthetic_ground_truth
3246,11247857.542937145,synthetic_ground_truth
3247,30528740.635888714,synthetic_ground_truth
3248,4727697.733537181,synthetic_ground_truth
3249,9465184.028097734,synthetic_ground_truth
3250,14817691.88050885,synthetic_ground_truth
3251,7186943.906364065,synthetic_ground_truth
3252,20094052.83935655,synthetic_ground_truth
3253,15153746.995934172,synthetic_ground_truth
3254,5710887.230521489,synthetic_ground_truth
3255,36462189.31710573,synthetic_ground_truth
3256,17884458.640909046,synthetic_ground_truth
3257,4197900.191172024,synthetic_ground_truth
3258,4507639.488920158,synthetic_ground_truth
3259,9656964.126480903,synthetic_ground_truth
3260,15493277.648079516,synthetic_ground_truth
3261,1417882.8932126486,synthetic_ground_truth
3262,4383075.531375994,synthetic_ground_truth
3263,7239090.326106805,synthetic_ground_truth
3264,3045282.521814355,synthetic_ground_truth
3265,3980917.380679368,synthetic_ground_truth
3266,14149529.89817366,synthetic_ground_truth
3267,6716291.469135971,synthetic_ground_truth
3268,8425022.842589932,synthetic_ground_truth
3269,2758770.102482652,synthetic_ground_truth
3270,8783553.066532025,synthetic_ground_truth
3271,2203096.290205115,synthetic_ground_truth
3272,53881397.49323755,synthetic_ground_truth
3273,66991057.289264604,synthetic_ground_truth
3274,7799143.0678462,synthetic_ground_truth
3275,3499628.135100054,synthetic_ground_truth
3276,23540412.93520624,synthetic_ground_truth
3277,17834127.506022442,synthetic_ground_truth
3278,65518660.02489572,synthetic_ground_truth
3279,88219103.27391246,synthetic_ground_truth
3280,1611344.946235473,synthetic_ground_truth
3281,37644140.0632588,synthetic_ground_truth
3282,7983082.657329953,synthetic_ground_truth
3283,17460437.192895263,synthetic_ground_truth
3284,27015738.85085491,synthetic_ground_truth
3285,23445651.26481021,synthetic_ground_truth
3286,30471187.425709456,synthetic_ground_truth
3287,5980121.165785037,synthetic_ground_truth
3288,3705704.3917878857,synthetic_ground_truth
3289,34991031.63220072,synthetic_ground_truth
3290,4578478.608117532,synthetic_ground_truth
3291,74081882.5635291,synthetic_ground_truth
3292,5956550.107025376,synthetic_ground_truth
3293,7301936.476891208,synthetic_ground_truth
3294,8065896.261471239,synthetic_ground_truth
3295,2133964.544838872,synthetic_ground_truth
3296,2605155.259774612,synthetic_ground_truth
3297,24717504.253461,synthetic_ground_truth
3298,2024671.8880310256,synthetic_ground_truth
3299,137317990.34006628,synthetic_ground_truth
3300,9064022.87964642,synthetic_ground_truth
3301,3959204.475161608,synthetic_ground_truth
3302,15952806.338008318,synthetic_ground_truth
3303,1033738.9873944868,synthetic_ground_truth
3304,7649362.21844857,synthetic_ground_truth
3305,10063065.25362431,synthetic_ground_truth
3306,3138166.272945904,synthetic_ground_truth
3307,6115726.580560251,synthetic_ground_truth
3308,47088683.95295953,synthetic_ground_truth
3309,14515809.5548661,synthetic_ground_truth
3310,17006911.647382893,synthetic_ground_truth
3311,4477862.685127879,synthetic_ground_truth
3312,2858136.817971928,synthetic_ground_truth
3313,7607923.694239668,synthetic_ground_truth
3314,936777.048091106,synthetic_ground_truth
3315,4326037.048740054,synthetic_ground_truth
3316,3160278.7814727845,synthetic_ground_truth
3317,1338441.0636837457,synthetic_ground_truth
3318,20452270.21991723,synthetic_ground_truth
3319,10423679.559560409,synthetic_ground_truth
3320,5499290.621084153,synthetic_ground_truth
3321,19343573.74577755,synthetic_ground_truth
3322,2308341.510331408,synthetic_ground_truth
3323,2734585.359520655,synthetic_ground_truth
3324,30546772.100397862,synthetic_ground_truth
3325,99865427.52683784,synthetic_ground_truth
3326,21304510.700898696,synthetic_ground_truth
3327,18600691.061338007,synthetic_ground_truth
3328,6711066.585098274,synthetic_ground_truth
3329,5535224.299227443,synthetic_ground_truth
3330,12103163.759349898,synthetic_ground_truth
3331,40967790.85397516,synthetic_ground_truth
3332,15739968.914406084,synthetic_ground_truth
3333,32572007.93179861,synthetic_ground_truth
3334,3892738.314835468,synthetic_ground_truth
3335,20311091.823508333,synthetic_ground_truth
3336,5079577.2502764,synthetic_ground_truth
3337,11689901.730464386,synthetic_ground_truth
3338,24674333.19976958,synthetic_ground_truth
3339,7188123.844837028,synthetic_ground_truth
3340,4411502.907001791,synthetic_ground_truth
3341,13983500.144201556,synthetic_ground_truth
3342,9215228.670017269,synthetic_ground_truth
3343,12396506.425101629,synthetic_ground_truth
3344,22488144.688554112,synthetic_ground_truth
3345,36565430.28155813,synthetic_ground_truth
3346,22418138.532144032,synthetic_ground_truth
3347,18382217.085615672,synthetic_ground_truth
3348,6310283.1811817065,synthetic_ground_truth
3349,7057266.9998590015,synthetic_ground_truth
3350,17313962.23736766,synthetic_ground_truth
3351,9107889.005898893,synthetic_ground_truth
3352,16713760.790535288,synthetic_ground_truth
3353,5179090.5245828815,synthetic_ground_truth
3354,68653394.34076802,synthetic_ground_truth
3355,12852975.143513914,synthetic_ground_truth
3356,14230512.36324832,synthetic_ground_truth
3357,7819150.7455252735,synthetic_ground_truth
3358,68320899.92696223,synthetic_ground_truth
3359,3145550.820500148,synthetic_ground_truth
3360,5054928.139594524,synthetic_ground_truth
3361,31343496.031312898,synthetic_ground_truth
3362,15962078.38832839,synthetic_ground_truth
3363,6530820.296335475,synthetic_ground_truth
3364,5664891.718921579,synthetic_ground_truth
3365,7497006.546336694,synthetic_ground_truth
3366,14830093.134462338,synthetic_ground_truth
3367,56928503.30712308,synthetic_ground_truth
3368,22116762.953459278,synthetic_ground_truth
3369,35598443.00065214,synthetic_ground_truth
3370,6309241.069789197,synthetic_ground_truth
3371,20136613.01138191,synthetic_ground_truth
3372,2288464.146256284,synthetic_ground_truth
3373,14855998.1753162,synthetic_ground_truth
3374,11541220.80108209,synthetic_ground_truth
3375,65297737.24857343,synthetic_ground_truth
3376,52627838.74363511,synthetic_ground_truth
3377,9433803.938210651,synthetic_ground_truth
3378,4804137.500352357,synthetic_ground_truth
3379,5055083.092518284,synthetic_ground_truth
3380,8754106.82889785,synthetic_ground_truth
3381,37064103.2513213,synthetic_ground_truth
3382,16914102.279218342,synthetic_ground_truth
3383,16333497.822500229,synthetic_ground_truth
3384,24944386.123878226,synthetic_ground_truth
3385,3609046.008900728,synthetic_ground_truth
3386,5359561.845226615,synthetic_ground_truth
3387,18250702.02047501,synthetic_ground_truth
3388,5799019.975246606,synthetic_ground_truth
3389,2358319.399128595,synthetic_ground_truth
3390,3299432.2665899955,synthetic_ground_truth
3391,29268597.62496257,synthetic_ground_truth
3392,6974413.511191525,synthetic_ground_truth
3393,15967158.018707955,synthetic_ground_truth
3394,3687856.064906765,synthetic_ground_truth
3395,16234488.14124604,synthetic_ground_truth
3396,9381860.822914071,synthetic_ground_truth
3397,17108684.74769123,synthetic_ground_truth
3398,8083625.023162616,synthetic_ground_truth
3399,21353689.705723405,synthetic_ground_truth
3400,5803645.647151981,synthetic_ground_truth
3401,11115340.05484802,synthetic_ground_truth
3402,7806730.620389465,synthetic_ground_truth
3403,11063257.617289497,synthetic_ground_truth
3404,14433760.348770874,synthetic_ground_truth
3405,6107275.439066596,synthetic_ground_truth
3406,9227973.97085299,synthetic_ground_truth
3407,12199093.153455086,synthetic_ground_truth
3408,17161838.477164593,synthetic_ground_truth
3409,9327595.508000173,synthetic_ground_truth
3410,4177747.2309114346,synthetic_ground_truth
3411,13312421.690276094,synthetic_ground_truth
3412,22056173.6754162,synthetic_ground_truth
3413,2774851.814430057,synthetic_ground_truth
3414,2816940.082343952,synthetic_ground_truth
3415,5710544.805438828,synthetic_ground_truth
3416,10344610.092347162,synthetic_ground_truth
3417,1319153.4954184787,synthetic_ground_truth
3418,19787662.8074435,synthetic_ground_truth
3419,10379745.1769442,synthetic_ground_truth
3420,1033298.143566158,synthetic_ground_truth
3421,3663484.8727859454,synthetic_ground_truth
3422,8043284.214416709,synthetic_ground_truth
3423,1652937.113961295,synthetic_ground_truth
3424,32123129.38604961,synthetic_ground_truth
3425,12140827.073898343,synthetic_ground_truth
3426,23368560.07512434,synthetic_ground_truth
3427,3814533.718676592,synthetic_ground_truth
3428,14816437.481686313,synthetic_ground_truth
3429,5932760.280031137,synthetic_ground_truth
3430,8475980.15301146,synthetic_ground_truth
3431,15232447.657360427,synthetic_ground_truth
3432,10202775.660955165,synthetic_ground_truth
3433,22399685.336833525,synthetic_ground_truth
3434,12129670.671011765,synthetic_ground_truth
3435,6971944.418052209,synthetic_ground_truth
3436,28505160.83619036,synthetic_ground_truth
3437,32239322.15079117,synthetic_ground_truth
3438,12544369.643791506,synthetic_ground_truth
3439,41401867.998085216,synthetic_ground_truth
3440,8980874.745539688,synthetic_ground_truth
3441,8742715.127395993,synthetic_ground_truth
3442,12183180.931257335,synthetic_ground_truth
3443,11262241.076345408,synthetic_ground_truth
3444,7345372.842511367,synthetic_ground_truth
3445,5261108.646236814,synthetic_ground_truth
3446,3823154.885782334,synthetic_ground_truth
3447,13297820.106304882,synthetic_ground_truth
3448,35992156.80676264,synthetic_ground_truth
3449,21832423.74988672,synthetic_ground_truth
3450,15593445.417018373,synthetic_ground_truth
3451,35368060.36136018,synthetic_ground_truth
3452,10628451.29487449,synthetic_ground_truth
3453,4113087.17316916,synthetic_ground_truth
3454,7830375.184659375,synthetic_ground_truth
3455,10919782.709844807,synthetic_ground_truth
3456,7335961.146330169,synthetic_ground_truth
3457,18425356.38413054,synthetic_ground_truth
3458,25953232.755097933,synthetic_ground_truth
3459,2103895.1675467207,synthetic_ground_truth
3460,8624718.804592043,synthetic_ground_truth
3461,614338.289189758,synthetic_ground_truth
3462,9723654.32750832,synthetic_ground_truth
3463,9957362.07942284,synthetic_ground_truth
3464,57699129.2165978,synthetic_ground_truth
3465,49923155.81817971,synthetic_ground_truth
3466,28626121.324960724,synthetic_ground_truth
3467,4271727.583629733,synthetic_ground_truth
3468,3554071.237933769,synthetic_ground_truth
3469,4099460.092607651,synthetic_ground_truth
3470,48830420.48742507,synthetic_ground_truth
3471,4410589.768348952,synthetic_ground_truth
3472,7591989.827163779,synthetic_ground_truth
3473,5094665.90627753,synthetic_ground_truth
3474,3353115.453027459,synthetic_ground_truth
3475,15249794.02345423,synthetic_ground_truth
3476,12173450.886992298,synthetic_ground_truth
3477,1150917.266931695,synthetic_ground_truth
3478,2733299.223304427,synthetic_ground_truth
3479,16986495.838642478,synthetic_ground_truth
3480,11361262.238791334,synthetic_ground_truth
3481,8043801.404761488,synthetic_ground_truth
3482,21627668.813538343,synthetic_ground_truth
3483,2500632.053107237,synthetic_ground_truth
3484,5385937.989222664,synthetic_ground_truth
3485,19666585.426338088,synthetic_ground_truth
3486,6693668.256215656,synthetic_ground_truth
3487,14710193.699389014,synthetic_ground_truth
3488,3139016.535365905,synthetic_ground_truth
3489,5101374.514497432,synthetic_ground_truth
3490,2172325.1680100663,synthetic_ground_truth
3491,1349522.9449164856,synthetic_ground_truth
3492,7102752.699289209,synthetic_ground_truth
3493,17152090.527172297,synthetic_ground_truth
3494,8631266.880819203,synthetic_ground_truth
3495,33865483.72911259,synthetic_ground_truth
3496,6992548.4507284295,synthetic_ground_truth
3497,1276606.76066196,synthetic_ground_truth
3498,16105755.76555149,synthetic_ground_truth
3499,4024631.0390513074,synthetic_ground_truth
3500,12655615.169721749,synthetic_ground_truth
3501,1356374.6066584238,synthetic_ground_truth
3502,8396132.480321474,synthetic_ground_truth
3503,21867757.035551976,synthetic_ground_truth
3504,17339809.31395799,synthetic_ground_truth
3505,8252792.712248699,synthetic_ground_truth
3506,11812675.554888982,synthetic_ground_truth
3507,6164424.4749683,synthetic_ground_truth
3508,9165020.18190187,synthetic_ground_truth
3509,21193293.57178233,synthetic_ground_truth
3510,5348012.472858451,synthetic_ground_truth
3511,5103185.907528891,synthetic_ground_truth
3512,2212861.6032000952,synthetic_ground_truth
3513,21170762.82189361,synthetic_ground_truth
3514,8184178.226241314,synthetic_ground_truth
3515,3203176.8448221395,synthetic_ground_truth
3516,27315873.01540503,synthetic_ground_truth
3517,10580493.07378229,synthetic_ground_truth
3518,4578762.274491943,synthetic_ground_truth
3519,24647112.88220565,synthetic_ground_truth
3520,6682655.048593033,synthetic_ground_truth
3521,2131183.7447084533,synthetic_ground_truth
3522,26295637.744326897,synthetic_ground_truth
3523,4069867.4677660232,synthetic_ground_truth
3524,240693510.10575423,synthetic_ground_truth
3525,6328814.717175504,synthetic_ground_truth
3526,1255818.7221165798,synthetic_ground_truth
3527,57508004.79137624,synthetic_ground_truth
3528,9188248.360091263,synthetic_ground_truth
3529,13537894.11916641,synthetic_ground_truth
3530,14006045.254082467,synthetic_ground_truth
3531,2676470.2953090854,synthetic_ground_truth
3532,1170389.1529313638,synthetic_ground_truth
3533,71412987.20735905,synthetic_ground_truth
3534,1962480.519246408,synthetic_ground_truth
3535,47449964.47122616,synthetic_ground_truth
3536,17610202.154998533,synthetic_ground_truth
3537,11863563.366002616,synthetic_ground_truth
3538,6609207.505922476,synthetic_ground_truth
3539,121119069.13835324,synthetic_ground_truth
3540,5514094.347134934,synthetic_ground_truth
3541,6075896.910365056,synthetic_ground_truth
3542,19951902.835921027,synthetic_ground_truth
3543,4918523.901007475,synthetic_ground_truth
3544,3764033.0764738857,synthetic_ground_truth
3545,11065775.798759244,synthetic_ground_truth
3546,19690607.031483524,synthetic_ground_truth
3547,70396674.1342622,synthetic_ground_truth
3548,85250701.3013052,synthetic_ground_truth
3549,1755663.3152812028,synthetic_ground_truth
3550,29591680.48269639,synthetic_ground_truth
3551,3631966.7093795137,synthetic_ground_truth
3552,4806666.435346177,synthetic_ground_truth
3553,5541604.890909364,synthetic_ground_truth
3554,5307029.616080783,synthetic_ground_truth
3555,3544789.000238954,synthetic_ground_truth
3556,1015724.2599087764,synthetic_ground_truth
3557,39047396.26089596,synthetic_ground_truth
3558,27682073.986793585,synthetic_ground_truth
3559,10128703.867798412,synthetic_ground_truth
3560,4084202.153226611,synthetic_ground_truth
3561,37834669.43620492,synthetic_ground_truth
3562,9848302.022159768,synthetic_ground_truth
3563,5217519.164133919,synthetic_ground_truth
3564,2005985.1411481036,synthetic_ground_truth
3565,17141343.6953147,synthetic_ground_truth
3566,7985559.792254704,synthetic_ground_truth
3567,11947544.621056035,synthetic_ground_truth
3568,11490080.71879474,synthetic_ground_truth
3569,22991466.99992887,synthetic_ground_truth
3570,14265183.934062652,synthetic_ground_truth
3571,6925310.228705307,synthetic_ground_truth
3572,18911559.15608549,synthetic_ground_truth
3573,26959018.299853843,synthetic_ground_truth
3574,50974532.66586238,synthetic_ground_truth
3575,3024224.61879105,synthetic_ground_truth
3576,37739888.32392495,synthetic_ground_truth
3577,1944434.8210010997,synthetic_ground_truth
3578,28523452.467572816,synthetic_ground_truth
3579,5704208.876080411,synthetic_ground_truth
3580,22090215.24094077,synthetic_ground_truth
3581,42908272.85973393,synthetic_ground_truth
3582,13130508.913003288,synthetic_ground_truth
3583,10297470.674879435,synthetic_ground_truth
3584,9147007.344338868,synthetic_ground_truth
3585,6783547.208928891,synthetic_ground_truth
3586,33542582.310571905,synthetic_ground_truth
3587,10119000.80532256,synthetic_ground_truth
3588,1448811.9621392544,synthetic_ground_truth
3589,25214888.53204751,synthetic_ground_truth
3590,22667254.54601978,synthetic_ground_truth
3591,11380667.72756291,synthetic_ground_truth
3592,4884506.852327815,synthetic_ground_truth
3593,4158135.9352282383,synthetic_ground_truth
3594,5493485.248520789,synthetic_ground_truth
3595,14686361.62818778,synthetic_ground_truth
3596,1990349.6666184005,synthetic_ground_truth
3597,16985532.657129146,synthetic_ground_truth
3598,12959593.077936288,synthetic_ground_truth
3599,39579015.40609287,synthetic_ground_truth
3600,21941288.80761331,synthetic_ground_truth
3601,4868372.176986564,synthetic_ground_truth
3602,1936678.069001133,synthetic_ground_truth
3603,5713303.158442216,synthetic_ground_truth
3604,38865080.83077041,synthetic_ground_truth
3605,16015956.13069762,synthetic_ground_truth
3606,19302864.588469904,synthetic_ground_truth
3607,6214624.23626295,synthetic_ground_truth
3608,16852012.270131644,synthetic_ground_truth
3609,2206680.2812780864,synthetic_ground_truth
3610,30101289.04767331,synthetic_ground_truth
3611,3344435.182113248,synthetic_ground_truth
3612,1392322.9983289198,synthetic_ground_truth
3613,92474873.46129936,synthetic_ground_truth
3614,13187088.323380396,synthetic_ground_truth
3615,11610897.721323011,synthetic_ground_truth
3616,1667625.1030987282,synthetic_ground_truth
3617,19690646.62470214,synthetic_ground_truth
3618,27681624.758909117,synthetic_ground_truth
3619,8476917.293730373,synthetic_ground_truth
3620,27113213.62149148,synthetic_ground_truth
3621,35609773.49352123,synthetic_ground_truth
3622,22161658.538906373,synthetic_ground_truth
3623,1152298.300322679,synthetic_ground_truth
3624,3046035.5333168325,synthetic_ground_truth
3625,55810734.52088901,synthetic_ground_truth
3626,11074931.290913912,synthetic_ground_truth
3627,13035450.472437195,synthetic_ground_truth
3628,5028915.842691554,synthetic_ground_truth
3629,6278855.1702922415,synthetic_ground_truth
3630,35520105.05892882,synthetic_ground_truth
3631,49910636.267602265,synthetic_ground_truth
3632,24378323.62234545,synthetic_ground_truth
3633,21669670.823410712,synthetic_ground_truth
3634,19947817.12457321,synthetic_ground_truth
3635,10208703.027169922,synthetic_ground_truth
3636,2978791.442741631,synthetic_ground_truth
3637,2324649.4695269945,synthetic_ground_truth
3638,42450348.58145585,synthetic_ground_truth
3639,9966330.147630977,synthetic_ground_truth
3640,18989109.10309618,synthetic_ground_truth
3641,12372642.267591858,synthetic_ground_truth
3642,14639892.701819142,synthetic_ground_truth
3643,15019789.70614539,synthetic_ground_truth
3644,26061606.68984013,synthetic_ground_truth
3645,5037667.786740005,synthetic_ground_truth
3646,35492444.289903834,synthetic_ground_truth
3647,5309284.295584055,synthetic_ground_truth
3648,15302569.207812142,synthetic_ground_truth
3649,3611392.582406621,synthetic_ground_truth
3650,8140037.901841867,synthetic_ground_truth
3651,5550027.4280996565,synthetic_ground_truth
3652,11264717.151529755,synthetic_ground_truth
3653,20095377.379877616,synthetic_ground_truth
3654,13906074.32875023,synthetic_ground_truth
3655,69906277.58369672,synthetic_ground_truth
3656,29462856.41204507,synthetic_ground_truth
3657,8329293.885172293,synthetic_ground_truth
3658,10488866.577262694,synthetic_ground_truth
3659,18817758.304767866,synthetic_ground_truth
3660,24214384.31893454,synthetic_ground_truth
3661,3282837.0260618334,synthetic_ground_truth
3662,20461965.011317767,synthetic_ground_truth
3663,2955354.0260801306,synthetic_ground_truth
3664,20607017.453863524,synthetic_ground_truth
3665,33028931.75777968,synthetic_ground_truth
3666,16802626.32563765,synthetic_ground_truth
3667,1151814.9043594468,synthetic_ground_truth
3668,1766880.8804896553,synthetic_ground_truth
3669,18350045.0773312,synthetic_ground_truth
3670,954614.1375201378,synthetic_ground_truth
3671,19764778.072999045,synthetic_ground_truth
3672,29885229.548560068,synthetic_ground_truth
3673,33792224.04799089,synthetic_ground_truth
3674,9057558.371839706,synthetic_ground_truth
3675,20623102.988967948,synthetic_ground_truth
3676,13308628.68061759,synthetic_ground_truth
3677,2989572.2126659434,synthetic_ground_truth
3678,21222978.07832634,synthetic_ground_truth
3679,44021862.31596505,synthetic_ground_truth
3680,25338564.289863,synthetic_ground_truth
3681,6743699.952015791,synthetic_ground_truth
3682,20187071.844034508,synthetic_ground_truth
3683,48143476.81693779,synthetic_ground_truth
3684,34016146.522103384,synthetic_ground_truth
3685,31224966.19394625,synthetic_ground_truth
3686,2475932.477662327,synthetic_ground_truth
3687,14962295.456670292,synthetic_ground_truth
3688,20993877.292424392,synthetic_ground_truth
3689,33203837.00080545,synthetic_ground_truth
3690,17960073.421641268,synthetic_ground_truth
3691,55677063.786265455,synthetic_ground_truth
3692,2158027.191330892,synthetic_ground_truth
3693,18249963.5524972,synthetic_ground_truth
3694,17621905.413355537,synthetic_ground_truth
3695,26921758.074977078,synthetic_ground_truth
3696,52938891.56224283,synthetic_ground_truth
3697,4846068.083557849,synthetic_ground_truth
3698,49444528.223228335,synthetic_ground_truth
3699,24799639.59662543,synthetic_ground_truth
3700,9951329.955279732,synthetic_ground_truth
3701,4247500.678780329,synthetic_ground_truth
3702,12178002.841411635,synthetic_ground_truth
3703,14876133.358667469,synthetic_ground_truth
3704,15350354.939657385,synthetic_ground_truth
3705,7037286.577877185,synthetic_ground_truth
3706,20109493.919257645,synthetic_ground_truth
3707,8436119.588727918,synthetic_ground_truth
3708,41407964.71004105,synthetic_ground_truth
3709,59047462.87757821,synthetic_ground_truth
3710,4903443.591819272,synthetic_ground_truth
3711,11357769.67984774,synthetic_ground_truth
3712,29596938.36419595,synthetic_ground_truth
3713,14474622.608119693,synthetic_ground_truth
3714,2511781.3822977054,synthetic_ground_truth
3715,27142928.642698865,synthetic_ground_truth
3716,6738685.563189423,synthetic_ground_truth
3717,13441843.294831766,synthetic_ground_truth
3718,4107706.902587865,synthetic_ground_truth
3719,25200660.680576563,synthetic_ground_truth
3720,6362138.978624506,synthetic_ground_truth
3721,27102360.919622928,synthetic_ground_truth
3722,7987095.27363498,synthetic_ground_truth
3723,7468950.238299148,synthetic_ground_truth
3724,16877500.22605157,synthetic_ground_truth
3725,3466074.716082809,synthetic_ground_truth
3726,65066006.08602198,synthetic_ground_truth
3727,13158943.132421764,synthetic_ground_truth
3728,7325259.702022403,synthetic_ground_truth
3729,6599792.06953123,synthetic_ground_truth
3730,10156838.152839404,synthetic_ground_truth
3731,26953897.87363861,synthetic_ground_truth
3732,4903914.440232036,synthetic_ground_truth
3733,7852991.241285439,synthetic_ground_truth
3734,9957594.488394652,synthetic_ground_truth
3735,60038201.93113448,synthetic_ground_truth
3736,32020184.877974737,synthetic_ground_truth
3737,52105021.72420202,synthetic_ground_truth
3738,10803066.11168979,synthetic_ground_truth
3739,40891042.43193308,synthetic_ground_truth
3740,35453609.839297935,synthetic_ground_truth
3741,24381361.72970552,synthetic_ground_truth
3742,22579930.1207776,synthetic_ground_truth
3743,5851575.876466183,synthetic_ground_truth
3744,68876399.46137263,synthetic_ground_truth
3745,7672035.860003261,synthetic_ground_truth
3746,21703649.83954944,synthetic_ground_truth
3747,23359504.494739987,synthetic_ground_truth
3748,2740131.828882589,synthetic_ground_truth
3749,10184944.041965326,synthetic_ground_truth
3750,13080172.680978073,synthetic_ground_truth
3751,9453443.384346742,synthetic_ground_truth
3752,9688626.56271604,synthetic_ground_truth
3753,53464840.96467897,synthetic_ground_truth
3754,4617184.813178477,synthetic_ground_truth
3755,3028914.7987815933,synthetic_ground_truth
3756,6830577.461032447,synthetic_ground_truth
3757,22653403.866952997,synthetic_ground_truth
3758,24719678.836537182,synthetic_ground_truth
3759,20015659.729570314,synthetic_ground_truth
3760,26926223.57995051,synthetic_ground_truth
3761,17344822.52593163,synthetic_ground_truth
3762,6335939.165914245,synthetic_ground_truth
3763,3821937.082098076,synthetic_ground_truth
3764,2979878.032484545,synthetic_ground_truth
3765,8160421.419204675,synthetic_ground_truth
3766,22316041.403389677,synthetic_ground_truth
3767,14850641.932250677,synthetic_ground_truth
3768,10699750.1331419,synthetic_ground_truth
3769,3634592.6760825673,synthetic_ground_truth
3770,127651373.84103803,synthetic_ground_truth
3771,4528427.423483361,synthetic_ground_truth
3772,11928140.451733133,synthetic_ground_truth
3773,27396202.90008838,synthetic_ground_truth
3774,10414011.748564957,synthetic_ground_truth
3775,4676841.972402582,synthetic_ground_truth
3776,28054681.788085464,synthetic_ground_truth
3777,2563612.580437603,synthetic_ground_truth
3778,57630203.22799516,synthetic_ground_truth
3779,12853814.590496017,synthetic_ground_truth
3780,7855112.449992793,synthetic_ground_truth
3781,2598562.919777105,synthetic_ground_truth
3782,3919423.748876712,synthetic_ground_truth
3783,9717947.060949735,synthetic_ground_truth
3784,73655855.41520536,synthetic_ground_truth
3785,12819588.86790831,synthetic_ground_truth
3786,14804510.68328666,synthetic_ground_truth
3787,19777002.23395561,synthetic_ground_truth
3788,127640875.96272162,synthetic_ground_truth
3789,7637511.826339053,synthetic_ground_truth
3790,47030578.37771427,synthetic_ground_truth
3791,7409669.467765875,synthetic_ground_truth
3792,5451158.1649364345,synthetic_ground_truth
3793,10770336.00959209,synthetic_ground_truth
3794,9738041.712087024,synthetic_ground_truth
3795,17307727.844190888,synthetic_ground_truth
3796,1072005.2898154987,synthetic_ground_truth
3797,14976580.986432226,synthetic_ground_truth
3798,5628428.755298918,synthetic_ground_truth
3799,4816141.967187902,synthetic_ground_truth
3800,3140147.340442295,synthetic_ground_truth
3801,7611004.363101462,synthetic_ground_truth
3802,6521818.53798442,synthetic_ground_truth
3803,6957326.518623163,synthetic_ground_truth
3804,2476972.8902816363,synthetic_ground_truth
3805,13272826.416611915,synthetic_ground_truth
3806,5048438.453659202,synthetic_ground_truth
3807,2314133.763415673,synthetic_ground_truth
3808,6101856.232493914,synthetic_ground_truth
3809,5095054.7813548,synthetic_ground_truth
3810,10605921.641041232,synthetic_ground_truth
3811,6997302.199225888,synthetic_ground_truth
3812,2575501.4479279583,synthetic_ground_truth
3813,4593080.0840820735,synthetic_ground_truth
3814,1827534.2091363887,synthetic_ground_truth
3815,37686655.14799894,synthetic_ground_truth
3816,40057652.28922516,synthetic_ground_truth
3817,43103377.9547503,synthetic_ground_truth
3818,5681200.210727006,synthetic_ground_truth
3819,35503295.01696161,synthetic_ground_truth
3820,18129271.41874775,synthetic_ground_truth
3821,4452091.992571469,synthetic_ground_truth
3822,5463227.819183731,synthetic_ground_truth
3823,9128858.265322056,synthetic_ground_truth
3824,10931376.46991504,synthetic_ground_truth
3825,13966492.938122695,synthetic_ground_truth
3826,10521632.0606351,synthetic_ground_truth
3827,6784170.359011761,synthetic_ground_truth
3828,42865995.72798431,synthetic_ground_truth
3829,8933112.35462188,synthetic_ground_truth
3830,10806588.672284847,synthetic_ground_truth
3831,9237487.55945602,synthetic_ground_truth
3832,9999640.63174618,synthetic_ground_truth
3833,2663331.648977748,synthetic_ground_truth
3834,4835110.181163142,synthetic_ground_truth
3835,119461390.44312428,synthetic_ground_truth
3836,2235730.6987273274,synthetic_ground_truth
3837,12731638.67759144,synthetic_ground_truth
3838,17307175.553065255,synthetic_ground_truth
3839,27622466.37076593,synthetic_ground_truth
3840,17729275.409258626,synthetic_ground_truth
3841,69244945.30353986,synthetic_ground_truth
3842,15131900.14529041,synthetic_ground_truth
3843,38515109.49817271,synthetic_ground_truth
3844,27688587.791638307,synthetic_ground_truth
3845,57606359.26304489,synthetic_ground_truth
3846,10566855.692718629,synthetic_ground_truth
3847,15284709.41390104,synthetic_ground_truth
3848,7702711.512404321,synthetic_ground_truth
3849,14126303.431954144,synthetic_ground_truth
3850,14680942.03494431,synthetic_ground_truth
3851,1214517.3850639416,synthetic_ground_truth
3852,11348418.34826599,synthetic_ground_truth
3853,29796432.533088043,synthetic_ground_truth
3854,3101594.1729143187,synthetic_ground_truth
3855,4028227.4322039774,synthetic_ground_truth
3856,31161367.59749825,synthetic_ground_truth
3857,38461455.49229193,synthetic_ground_truth
3858,5377370.687802082,synthetic_ground_truth
3859,12582079.039885744,synthetic_ground_truth
3860,11024203.38898338,synthetic_ground_truth
3861,40238993.416152224,synthetic_ground_truth
3862,7014928.717545387,synthetic_ground_truth
3863,7215640.14453508,synthetic_ground_truth
3864,38839575.53604967,synthetic_ground_truth
3865,4432454.347219843,synthetic_ground_truth
3866,6772997.332192003,synthetic_ground_truth
3867,14008929.510440608,synthetic_ground_truth
3868,50772718.9690262,synthetic_ground_truth
3869,3295107.896664072,synthetic_ground_truth
3870,5924849.596969629,synthetic_ground_truth
3871,22652417.81713789,synthetic_ground_truth
3872,21536495.16276014,synthetic_ground_truth
3873,15927645.222067442,synthetic_ground_truth
3874,9815095.065591397,synthetic_ground_truth
3875,12062672.266074482,synthetic_ground_truth
3876,2349870.324908248,synthetic_ground_truth
3877,13462568.129092854,synthetic_ground_truth
3878,52741448.0957039,synthetic_ground_truth
3879,2765256.2783228755,synthetic_ground_truth
3880,5642747.362246846,synthetic_ground_truth
3881,8051833.077669186,synthetic_ground_truth
3882,7616431.353812916,synthetic_ground_truth
3883,61981860.57532358,synthetic_ground_truth
3884,3868965.890212176,synthetic_ground_truth
3885,3310406.995915925,synthetic_ground_truth
3886,23036006.679093298,synthetic_ground_truth
3887,6280363.035060782,synthetic_ground_truth
3888,22446164.995687664,synthetic_ground_truth
3889,9059405.22627677,synthetic_ground_truth
3890,17390585.408718538,synthetic_ground_truth
3891,2160149.531501912,synthetic_ground_truth
3892,16953813.555770233,synthetic_ground_truth
3893,12835374.922813036,synthetic_ground_truth
3894,8183893.6237451825,synthetic_ground_truth
3895,2926364.377605988,synthetic_ground_truth
3896,12913351.267734524,synthetic_ground_truth
3897,21923167.25585823,synthetic_ground_truth
3898,6059665.270597527,synthetic_ground_truth
3899,6484699.391772503,synthetic_ground_truth
3900,22181122.42707438,synthetic_ground_truth
3901,53203705.16768338,synthetic_ground_truth
3902,28309782.312752716,synthetic_ground_truth
3903,12802724.59795886,synthetic_ground_truth
3904,7843566.682896382,synthetic_ground_truth
3905,10080618.385457976,synthetic_ground_truth
3906,2656455.98401998,synthetic_ground_truth
3907,9231993.819030931,synthetic_ground_truth
3908,33915412.871873125,synthetic_ground_truth
3909,11638992.93073104,synthetic_ground_truth
3910,5372390.721706707,synthetic_ground_truth
3911,4964577.580119983,synthetic_ground_truth
3912,12223408.572959268,synthetic_ground_truth
3913,2794579.5083381683,synthetic_ground_truth
3914,3872489.84177102,synthetic_ground_truth
3915,50784719.5034117,synthetic_ground_truth
3916,3452786.876320473,synthetic_ground_truth
3917,4852512.130996466,synthetic_ground_truth
3918,14713568.7469443,synthetic_ground_truth
3919,6596931.296967077,synthetic_ground_truth
3920,11392756.978876648,synthetic_ground_truth
3921,25075167.02147045,synthetic_ground_truth
3922,2075854.02164771,synthetic_ground_truth
3923,22007818.247120596,synthetic_ground_truth
3924,6219586.581950694,synthetic_ground_truth
3925,7461430.19878469,synthetic_ground_truth
3926,66537625.686650924,synthetic_ground_truth
3927,2471538.6178162326,synthetic_ground_truth
3928,18913094.676911384,synthetic_ground_truth
3929,40242931.84589236,synthetic_ground_truth
3930,5132969.062316123,synthetic_ground_truth
3931,5798988.793584311,synthetic_ground_truth
3932,7019541.807356961,synthetic_ground_truth
3933,5492974.0888175685,synthetic_ground_truth
3934,13504770.754492745,synthetic_ground_truth
3935,29256168.15754157,synthetic_ground_truth
3936,6872957.662907593,synthetic_ground_truth
3937,24804743.482070867,synthetic_ground_truth
3938,51343855.02139895,synthetic_ground_truth
3939,15970997.12358336,synthetic_ground_truth
3940,16431640.974073814,synthetic_ground_truth
3941,6101239.566642815,synthetic_ground_truth
3942,870780.9783501149,synthetic_ground_truth
3943,17925708.8706015,synthetic_ground_truth
3944,22411561.06528448,synthetic_ground_truth
3945,14192272.181789132,synthetic_ground_truth
3946,23906626.18030865,synthetic_ground_truth
3947,6872075.070360553,synthetic_ground_truth
3948,17279305.83400441,synthetic_ground_truth
3949,53337905.451279856,synthetic_ground_truth
3950,19824489.67635423,synthetic_ground_truth
3951,38837546.03579793,synthetic_ground_truth
3952,41498036.04106695,synthetic_ground_truth
3953,3843344.3928717943,synthetic_ground_truth
3954,20012737.23801426,synthetic_ground_truth
3955,5224067.095174012,synthetic_ground_truth
3956,3520507.858627249,synthetic_ground_truth
3957,9147002.541524349,synthetic_ground_truth
3958,72629606.34384714,synthetic_ground_truth
3959,5734728.426384173,synthetic_ground_truth
3960,1876299.052365223,synthetic_ground_truth
3961,2675065.145753467,synthetic_ground_truth
3962,16354402.8162082,synthetic_ground_truth
3963,4628874.512700994,synthetic_ground_truth
3964,1288138.4325635342,synthetic_ground_truth
3965,2590154.6608778704,synthetic_ground_truth
3966,12443527.847597957,synthetic_ground_truth
3967,23807340.31859393,synthetic_ground_truth
3968,6793287.956975408,synthetic_ground_truth
3969,21740792.605538476,synthetic_ground_truth
3970,27176691.92036081,synthetic_ground_truth
3971,4396523.389420111,synthetic_ground_truth
3972,9498743.541597957,synthetic_ground_truth
3973,6617890.690729909,synthetic_ground_truth
3974,19672896.32612016,synthetic_ground_truth
3975,6774940.621635449,synthetic_ground_truth
3976,3322869.235372939,synthetic_ground_truth
3977,12444416.957801824,synthetic_ground_truth
3978,37072923.06154078,synthetic_ground_truth
3979,17167320.590420377,synthetic_ground_truth
3980,27993003.457593765,synthetic_ground_truth
3981,29231538.93648728,synthetic_ground_truth
3982,12071328.305155767,synthetic_ground_truth
3983,6697153.785839581,synthetic_ground_truth
3984,4542160.4717365,synthetic_ground_truth
3985,2289977.799324991,synthetic_ground_truth
3986,34325728.25596912,synthetic_ground_truth
3987,7142943.689718162,synthetic_ground_truth
3988,1958132.2144318507,synthetic_ground_truth
3989,40182268.58329685,synthetic_ground_truth
3990,12998196.748407504,synthetic_ground_truth
3991,27395658.262796074,synthetic_ground_truth
3992,8244546.402604439,synthetic_ground_truth
3993,5608879.389462769,synthetic_ground_truth
3994,15491911.161880206,synthetic_ground_truth
3995,16438150.013845531,synthetic_ground_truth
3996,9206123.442784246,synthetic_ground_truth
3997,45489991.13619223,synthetic_ground_truth
3998,31739087.945649706,synthetic_ground_truth
3999,18244408.70851349,synthetic_ground_truth
4000,3183211.3540623817,synthetic_ground_truth
4001,3195945.7754047164,synthetic_ground_truth
4002,33707292.81789236,synthetic_ground_truth
4003,1371991.697426196,synthetic_ground_truth
4004,10045885.166774182,synthetic_ground_truth
4005,13966101.123026883,synthetic_ground_truth
4006,6528872.074287022,synthetic_ground_truth
4007,12565123.69003336,synthetic_ground_truth
4008,15076813.905312223,synthetic_ground_truth
4009,6634293.76590912,synthetic_ground_truth
4010,29182070.35571593,synthetic_ground_truth
4011,18570265.380605116,synthetic_ground_truth
4012,8304595.717471418,synthetic_ground_truth
4013,4658826.294489186,synthetic_ground_truth
4014,10187194.666496746,synthetic_ground_truth
4015,96877575.2746778,synthetic_ground_truth
4016,5732288.990143595,synthetic_ground_truth
4017,44668746.32985134,synthetic_ground_truth
4018,1688412.593078895,synthetic_ground_truth
4019,4974323.764972142,synthetic_ground_truth
4020,6787377.248770963,synthetic_ground_truth
4021,25662668.906083085,synthetic_ground_truth
4022,11600864.004826482,synthetic_ground_truth
4023,38167875.12708023,synthetic_ground_truth
4024,8943490.512663923,synthetic_ground_truth
4025,11708686.710774563,synthetic_ground_truth
4026,9105454.030256689,synthetic_ground_truth
4027,98082062.81578836,synthetic_ground_truth
4028,4278386.030541353,synthetic_ground_truth
4029,5895898.880640153,synthetic_ground_truth
4030,3817179.24820769,synthetic_ground_truth
4031,19740428.511663143,synthetic_ground_truth
4032,3402286.9924133946,synthetic_ground_truth
4033,63768421.327698365,synthetic_ground_truth
4034,11901923.869740443,synthetic_ground_truth
4035,19292279.096732285,synthetic_ground_truth
4036,16196506.013628284,synthetic_ground_truth
4037,9834726.840708056,synthetic_ground_truth
4038,14006133.802821493,synthetic_ground_truth
4039,11923500.852753066,synthetic_ground_truth
4040,18604764.59984712,synthetic_ground_truth
4041,4769691.359450599,synthetic_ground_truth
4042,4479827.523667847,synthetic_ground_truth
4043,27347460.75097289,synthetic_ground_truth
4044,12277960.508276146,synthetic_ground_truth
4045,1346343.1528902194,synthetic_ground_truth
4046,6759576.717007214,synthetic_ground_truth
4047,45254314.053315945,synthetic_ground_truth
4048,8830615.619756011,synthetic_ground_truth
4049,7367688.065694488,synthetic_ground_truth
4050,2624981.0497830515,synthetic_ground_truth
4051,6733345.817771312,synthetic_ground_truth
4052,3015955.5099574914,synthetic_ground_truth
4053,15763105.843424829,synthetic_ground_truth
4054,13546787.62831125,synthetic_ground_truth
4055,7625382.709109107,synthetic_ground_truth
4056,4874062.078620201,synthetic_ground_truth
4057,46134104.65929196,synthetic_ground_truth
4058,5287862.115227859,synthetic_ground_truth
4059,5078225.793710012,synthetic_ground_truth
4060,8564815.95820884,synthetic_ground_truth
4061,10757863.465988046,synthetic_ground_truth
4062,16631757.785326038,synthetic_ground_truth
4063,26054816.290261533,synthetic_ground_truth
4064,24797859.12956553,synthetic_ground_truth
4065,115550535.37579018,synthetic_ground_truth
4066,1884697.5777219324,synthetic_ground_truth
4067,13574008.62388052,synthetic_ground_truth
4068,5867352.384473892,synthetic_ground_truth
4069,74476408.63939077,synthetic_ground_truth
4070,11638134.18365156,synthetic_ground_truth
4071,1315398.2909571505,synthetic_ground_truth
4072,16068303.433525294,synthetic_ground_truth
4073,12931098.958698414,synthetic_ground_truth
4074,22958153.62112147,synthetic_ground_truth
4075,6197540.43792818,synthetic_ground_truth
4076,14335197.145594474,synthetic_ground_truth
4077,10015985.250241335,synthetic_ground_truth
4078,5509752.867921449,synthetic_ground_truth
4079,15963104.194062844,synthetic_ground_truth
4080,14037635.6862522,synthetic_ground_truth
4081,30031435.894100785,synthetic_ground_truth
4082,10122068.782629468,synthetic_ground_truth
4083,17888238.653391674,synthetic_ground_truth
4084,2995963.124736686,synthetic_ground_truth
4085,40402950.64078863,synthetic_ground_truth
4086,5718691.991251731,synthetic_ground_truth
4087,24677910.4027559,synthetic_ground_truth
4088,13627653.003680153,synthetic_ground_truth
4089,11541935.46781895,synthetic_ground_truth
4090,26538460.06224828,synthetic_ground_truth
4091,1139367.9963915346,synthetic_ground_truth
4092,5970331.021301439,synthetic_ground_truth
4093,25179247.727620244,synthetic_ground_truth
4094,76290611.79016906,synthetic_ground_truth
4095,9867610.805403292,synthetic_ground_truth
4096,881098.4297377504,synthetic_ground_truth
4097,7372347.570971019,synthetic_ground_truth
4098,10664796.260582443,synthetic_ground_truth
4099,31933678.196989752,synthetic_ground_truth
4100,11122463.752338909,synthetic_ground_truth
4101,2851835.992941018,synthetic_ground_truth
4102,29168355.10687221,synthetic_ground_truth
4103,19521134.034737885,synthetic_ground_truth
4104,5815299.801801987,synthetic_ground_truth
4105,22127046.80105341,synthetic_ground_truth
4106,6980453.77428253,synthetic_ground_truth
4107,9558616.706541205,synthetic_ground_truth
4108,6875734.467217808,synthetic_ground_truth
4109,7460038.921781829,synthetic_ground_truth
4110,30522771.75822923,synthetic_ground_truth
4111,1919592.060273575,synthetic_ground_truth
4112,30311833.42193609,synthetic_ground_truth
4113,12544203.426345838,synthetic_ground_truth
4114,7460665.791637874,synthetic_ground_truth
4115,11367816.41411611,synthetic_ground_truth
4116,3999844.194314082,synthetic_ground_truth
4117,2379967.1062775,synthetic_ground_truth
4118,5094636.929334351,synthetic_ground_truth
4119,1765058.7107869233,synthetic_ground_truth
4120,2491914.6946637565,synthetic_ground_truth
4121,2409257.349968562,synthetic_ground_truth
4122,32842131.16574638,synthetic_ground_truth
4123,2842856.172320311,synthetic_ground_truth
4124,12029100.619210206,synthetic_ground_truth
4125,33463796.65667516,synthetic_ground_truth
4126,30096374.355566032,synthetic_ground_truth
4127,8069674.132291768,synthetic_ground_truth
4128,8160023.544399396,synthetic_ground_truth
4129,13528132.190892931,synthetic_ground_truth
4130,107800114.36358324,synthetic_ground_truth
4131,17924810.91947481,synthetic_ground_truth
4132,21155851.5284886,synthetic_ground_truth
4133,104852601.26963264,synthetic_ground_truth
4134,14445570.496179236,synthetic_ground_truth
4135,35245329.40087479,synthetic_ground_truth
4136,17500852.16593776,synthetic_ground_truth
4137,17492225.9603144,synthetic_ground_truth
4138,3739207.922713219,synthetic_ground_truth
4139,3904520.0712091513,synthetic_ground_truth
4140,6679113.9220507,synthetic_ground_truth
4141,24490916.83873808,synthetic_ground_truth
4142,22146077.96792132,synthetic_ground_truth
4143,43744617.348856345,synthetic_ground_truth
4144,11194252.045431469,synthetic_ground_truth
4145,16829417.630905718,synthetic_ground_truth
4146,17123132.005012628,synthetic_ground_truth
4147,9827485.456128404,synthetic_ground_truth
4148,8234178.793444664,synthetic_ground_truth
4149,2397326.990410565,synthetic_ground_truth
4150,9116724.388787083,synthetic_ground_truth
4151,8753603.60219235,synthetic_ground_truth
4152,40020369.07515903,synthetic_ground_truth
4153,34289296.85586385,synthetic_ground_truth
4154,11545954.35967276,synthetic_ground_truth
4155,92166028.43522684,synthetic_ground_truth
4156,14047981.26294882,synthetic_ground_truth
4157,27072876.082203504,synthetic_ground_truth
4158,10009463.523601605,synthetic_ground_truth
4159,3894371.596057102,synthetic_ground_truth
4160,7233103.896876314,synthetic_ground_truth
4161,55426152.1668117,synthetic_ground_truth
4162,7387051.375926595,synthetic_ground_truth
4163,6997675.749631366,synthetic_ground_truth
4164,10690466.201040424,synthetic_ground_truth
4165,8549304.502025066,synthetic_ground_truth
4166,39560348.255811214,synthetic_ground_truth
4167,69236413.87287876,synthetic_ground_truth
4168,10738229.776861155,synthetic_ground_truth
4169,18744875.80663589,synthetic_ground_truth
4170,34148539.13289609,synthetic_ground_truth
4171,14377692.833445244,synthetic_ground_truth
4172,5279856.061562633,synthetic_ground_truth
4173,6977528.660573657,synthetic_ground_truth
4174,15312326.00658936,synthetic_ground_truth
4175,17698537.57528271,synthetic_ground_truth
4176,1747577.339851553,synthetic_ground_truth
4177,6261796.488327961,synthetic_ground_truth
4178,5034958.07163362,synthetic_ground_truth
4179,27573762.70333921,synthetic_ground_truth
4180,5982381.025395636,synthetic_ground_truth
4181,6784283.373420896,synthetic_ground_truth
4182,7662475.05988029,synthetic_ground_truth
4183,26597526.473717336,synthetic_ground_truth
4184,31130787.738871723,synthetic_ground_truth
4185,16170851.691558124,synthetic_ground_truth
4186,31814035.653682515,synthetic_ground_truth
4187,40622345.87690144,synthetic_ground_truth
4188,2035671.619965908,synthetic_ground_truth
4189,18243414.536608223,synthetic_ground_truth
4190,8614630.670719648,synthetic_ground_truth
4191,3650954.9059176655,synthetic_ground_truth
4192,7173672.356277482,synthetic_ground_truth
4193,21216361.565717503,synthetic_ground_truth
4194,46463854.48703637,synthetic_ground_truth
4195,2763015.7755770283,synthetic_ground_truth
4196,19675719.17330357,synthetic_ground_truth
4197,73274732.92654926,synthetic_ground_truth
4198,65056116.29776029,synthetic_ground_truth
4199,324932.47647534293,synthetic_ground_truth
4200,87591941.27645499,synthetic_ground_truth
4201,26556014.75768552,synthetic_ground_truth
4202,1092513.9569688723,synthetic_ground_truth
4203,5727827.022033493,synthetic_ground_truth
4204,36454530.56100908,synthetic_ground_truth
4205,15383563.112538695,synthetic_ground_truth
4206,5573200.641862622,synthetic_ground_truth
4207,10402457.813860226,synthetic_ground_truth
4208,18086643.599965505,synthetic_ground_truth
4209,6566392.665725531,synthetic_ground_truth
4210,8662889.30364089,synthetic_ground_truth
4211,26352708.3735625,synthetic_ground_truth
4212,5479097.875155435,synthetic_ground_truth
4213,2588874.5947665866,synthetic_ground_truth
4214,6591700.351238012,synthetic_ground_truth
4215,4394536.701288876,synthetic_ground_truth
4216,5946349.752008883,synthetic_ground_truth
4217,1780259.2903386042,synthetic_ground_truth
4218,16658421.910255969,synthetic_ground_truth
4219,26565281.55593336,synthetic_ground_truth
4220,4325764.716989756,synthetic_ground_truth
4221,6037807.503593998,synthetic_ground_truth
4222,10779124.010715572,synthetic_ground_truth
4223,3882799.675133288,synthetic_ground_truth
4224,31331357.653941397,synthetic_ground_truth
4225,4503214.841843579,synthetic_ground_truth
4226,6318424.376902728,synthetic_ground_truth
4227,5380429.839281627,synthetic_ground_truth
4228,35430543.444978885,synthetic_ground_truth
4229,8894911.41541975,synthetic_ground_truth
4230,88676597.19979708,synthetic_ground_truth
4231,16891728.247145355,synthetic_ground_truth
4232,39947739.715475164,synthetic_ground_truth
4233,7499732.915486878,synthetic_ground_truth
4234,4225516.767087906,synthetic_ground_truth
4235,12108200.309546478,synthetic_ground_truth
4236,5237966.311390614,synthetic_ground_truth
4237,1620350.7299431069,synthetic_ground_truth
4238,28258770.62440665,synthetic_ground_truth
4239,10734933.67894622,synthetic_ground_truth
4240,5391136.471232627,synthetic_ground_truth
4241,15701046.77296377,synthetic_ground_truth
4242,10232070.252538769,synthetic_ground_truth
4243,39786627.06213314,synthetic_ground_truth
4244,18084254.13815657,synthetic_ground_truth
4245,9160533.063628608,synthetic_ground_truth
4246,21169506.07784436,synthetic_ground_truth
4247,10382836.274173414,synthetic_ground_truth
4248,12319083.055308824,synthetic_ground_truth
4249,37075927.81160995,synthetic_ground_truth
4250,3355600.6298507364,synthetic_ground_truth
4251,4901073.456587356,synthetic_ground_truth
4252,7117503.953304385,synthetic_ground_truth
4253,7588115.354553275,synthetic_ground_truth
4254,33413877.702842902,synthetic_ground_truth
4255,2634080.843440926,synthetic_ground_truth
4256,9474527.779353457,synthetic_ground_truth
4257,5762309.477981958,synthetic_ground_truth
4258,56876190.2059665,synthetic_ground_truth
4259,26910496.1406046,synthetic_ground_truth
4260,14045232.094567733,synthetic_ground_truth
4261,28459557.95319645,synthetic_ground_truth
4262,2910104.65238599,synthetic_ground_truth
4263,78567528.99855079,synthetic_ground_truth
4264,4662497.770121544,synthetic_ground_truth
4265,45931846.089802094,synthetic_ground_truth
4266,18160204.190315645,synthetic_ground_truth
4267,12682044.45596735,synthetic_ground_truth
4268,44328112.968324326,synthetic_ground_truth
4269,27805668.299761187,synthetic_ground_truth
4270,12481893.439783895,synthetic_ground_truth
4271,6386155.1202254575,synthetic_ground_truth
4272,12276865.482619995,synthetic_ground_truth
4273,9546706.025833905,synthetic_ground_truth
4274,14251331.29405573,synthetic_ground_truth
4275,29004884.5700366,synthetic_ground_truth
4276,17757454.040557485,synthetic_ground_truth
4277,12498590.485355306,synthetic_ground_truth
4278,5316792.771750353,synthetic_ground_truth
4279,13963603.452044778,synthetic_ground_truth
4280,1814404.5375210915,synthetic_ground_truth
4281,5611849.8495892,synthetic_ground_truth
4282,18105575.43449498,synthetic_ground_truth
4283,29021010.815926544,synthetic_ground_truth
4284,9627360.142760145,synthetic_ground_truth
4285,12094079.67240987,synthetic_ground_truth
4286,17578469.30388798,synthetic_ground_truth
4287,26081900.005798683,synthetic_ground_truth
4288,8025107.701550104,synthetic_ground_truth
4289,3679852.55343847,synthetic_ground_truth
4290,18384924.46962709,synthetic_ground_truth
4291,78286650.50532259,synthetic_ground_truth
4292,4406130.330674176,synthetic_ground_truth
4293,9795778.921196032,synthetic_ground_truth
4294,6662152.929202197,synthetic_ground_truth
4295,131798598.15787524,synthetic_ground_truth
4296,4385371.362630361,synthetic_ground_truth
4297,8218364.24622933,synthetic_ground_truth
4298,7413346.85385791,synthetic_ground_truth
4299,3056634.277188807,synthetic_ground_truth
4300,3209727.82179079,synthetic_ground_truth
4301,20648554.89861791,synthetic_ground_truth
4302,20580205.360766288,synthetic_ground_truth
4303,7280661.504450455,synthetic_ground_truth
4304,40187961.69321325,synthetic_ground_truth
4305,1037760.2646736462,synthetic_ground_truth
4306,3044851.554703615,synthetic_ground_truth
4307,4324454.907872958,synthetic_ground_truth
4308,9540893.412260396,synthetic_ground_truth
4309,7128553.020689784,synthetic_ground_truth
4310,7950422.570319316,synthetic_ground_truth
4311,16326259.770953778,synthetic_ground_truth
4312,55713786.24515575,synthetic_ground_truth
4313,28371636.54231797,synthetic_ground_truth
4314,10275254.950295864,synthetic_ground_truth
4315,9702847.386158716,synthetic_ground_truth
4316,34861746.10286682,synthetic_ground_truth
4317,65150677.47623696,synthetic_ground_truth
4318,20550698.103283577,synthetic_ground_truth
4319,6833263.526138233,synthetic_ground_truth
4320,13004121.581415173,synthetic_ground_truth
4321,22848559.655116968,synthetic_ground_truth
4322,6753396.360653809,synthetic_ground_truth
4323,25800858.920638807,synthetic_ground_truth
4324,13689093.550270204,synthetic_ground_truth
4325,33567750.38745468,synthetic_ground_truth
4326,4809038.773978248,synthetic_ground_truth
4327,1877726.5731198504,synthetic_ground_truth
4328,7530584.263001922,synthetic_ground_truth
4329,10424810.848569324,synthetic_ground_truth
4330,2179533.190486294,synthetic_ground_truth
4331,5944845.653030189,synthetic_ground_truth
4332,37500960.02435446,synthetic_ground_truth
4333,17729229.994987167,synthetic_ground_truth
4334,12680126.454683293,synthetic_ground_truth
4335,3667039.779683286,synthetic_ground_truth
4336,35403728.33333258,synthetic_ground_truth
4337,6368026.069671104,synthetic_ground_truth
4338,13000560.956879431,synthetic_ground_truth
4339,16247186.300515236,synthetic_ground_truth
4340,11638182.461387403,synthetic_ground_truth
4341,47455614.15845937,synthetic_ground_truth
4342,18187654.7548829,synthetic_ground_truth
4343,13677383.178830769,synthetic_ground_truth
4344,10768044.47118583,synthetic_ground_truth
4345,15131853.507834185,synthetic_ground_truth
4346,9980703.134788277,synthetic_ground_truth
4347,12427066.370694324,synthetic_ground_truth
4348,7883373.764025735,synthetic_ground_truth
4349,7752552.06362647,synthetic_ground_truth
4350,4654133.676497906,synthetic_ground_truth
4351,8397701.711239606,synthetic_ground_truth
4352,7716916.350794412,synthetic_ground_truth
4353,67132300.18205237,synthetic_ground_truth
4354,30166057.700917363,synthetic_ground_truth
4355,10535543.207581708,synthetic_ground_truth
4356,8611988.983749319,synthetic_ground_truth
4357,20323417.88342945,synthetic_ground_truth
4358,88193402.09226303,synthetic_ground_truth
4359,23325789.70361653,synthetic_ground_truth
4360,1783112.308606503,synthetic_ground_truth
4361,24977280.67520016,synthetic_ground_truth
4362,31342682.49263887,synthetic_ground_truth
4363,100613937.75048712,synthetic_ground_truth
4364,9674886.080581533,synthetic_ground_truth
4365,11837473.573070424,synthetic_ground_truth
4366,17078204.110136967,synthetic_ground_truth
4367,4835897.412236268,synthetic_ground_truth
4368,4555341.477321166,synthetic_ground_truth
4369,18188079.67607694,synthetic_ground_truth
4370,2498769.4529686435,synthetic_ground_truth
4371,2761597.2867863597,synthetic_ground_truth
4372,26696939.564561065,synthetic_ground_truth
4373,19351090.249140505,synthetic_ground_truth
4374,44121819.323390566,synthetic_ground_truth
4375,15766804.426053274,synthetic_ground_truth
4376,10794668.379057564,synthetic_ground_truth
4377,38263843.963661626,synthetic_ground_truth
4378,6291238.87298764,synthetic_ground_truth
4379,7145840.185276079,synthetic_ground_truth
4380,9303728.740860362,synthetic_ground_truth
4381,17154415.05219788,synthetic_ground_truth
4382,10112966.421681851,synthetic_ground_truth
4383,2597611.082671548,synthetic_ground_truth
4384,8219028.029299899,synthetic_ground_truth
4385,10329608.722699637,synthetic_ground_truth
4386,12251262.24142132,synthetic_ground_truth
4387,6669910.944602148,synthetic_ground_truth
4388,15963666.032407384,synthetic_ground_truth
4389,2571967.2487541223,synthetic_ground_truth
4390,15689705.526384188,synthetic_ground_truth
4391,71647602.78260398,synthetic_ground_truth
4392,6011670.023914943,synthetic_ground_truth
4393,10846136.158605983,synthetic_ground_truth
4394,9711222.647762362,synthetic_ground_truth
4395,8801823.457273046,synthetic_ground_truth
4396,3811428.757580148,synthetic_ground_truth
4397,91385184.50965112,synthetic_ground_truth
4398,19090720.06419119,synthetic_ground_truth
4399,5294170.703479256,synthetic_ground_truth
4400,4555922.116649052,synthetic_ground_truth
4401,10284115.37379801,synthetic_ground_truth
4402,1426262.7564955258,synthetic_ground_truth
4403,29589316.455237117,synthetic_ground_truth
4404,6830386.302680689,synthetic_ground_truth
4405,15664079.242502913,synthetic_ground_truth
4406,17793000.288760502,synthetic_ground_truth
4407,25690936.18340821,synthetic_ground_truth
4408,19715021.4796371,synthetic_ground_truth
4409,23181330.894786343,synthetic_ground_truth
4410,32298228.03253464,synthetic_ground_truth
4411,8943518.840762421,synthetic_ground_truth
4412,89352091.25521593,synthetic_ground_truth
4413,15107222.747714086,synthetic_ground_truth
4414,9745076.081103677,synthetic_ground_truth
4415,5388625.3432444325,synthetic_ground_truth
4416,7968946.562224602,synthetic_ground_truth
4417,17327246.952048603,synthetic_ground_truth
4418,13262661.806050934,synthetic_ground_truth
4419,78645425.12367909,synthetic_ground_truth
4420,6910547.328382663,synthetic_ground_truth
4421,20974545.26923608,synthetic_ground_truth
4422,3856060.940342532,synthetic_ground_truth
4423,97852884.41886526,synthetic_ground_truth
4424,3454122.9516236084,synthetic_ground_truth
4425,80168947.25273989,synthetic_ground_truth
4426,9181522.144286018,synthetic_ground_truth
4427,1366258.9348364766,synthetic_ground_truth
4428,41317604.00717453,synthetic_ground_truth
4429,12083175.945209652,synthetic_ground_truth
4430,6689039.488954191,synthetic_ground_truth
4431,18301364.95485753,synthetic_ground_truth
4432,20048815.46005352,synthetic_ground_truth
4433,16719620.708416078,synthetic_ground_truth
4434,30036500.6452916,synthetic_ground_truth
4435,13630981.954318965,synthetic_ground_truth
4436,19542105.31525645,synthetic_ground_truth
4437,6080606.167894429,synthetic_ground_truth
4438,22594631.273625888,synthetic_ground_truth
4439,6114767.588330307,synthetic_ground_truth
4440,3596275.601743537,synthetic_ground_truth
4441,9934493.801831985,synthetic_ground_truth
4442,8208249.352906121,synthetic_ground_truth
4443,24649178.0141669,synthetic_ground_truth
4444,2369199.826616772,synthetic_ground_truth
4445,29410987.639829047,synthetic_ground_truth
4446,6237281.193604939,synthetic_ground_truth
4447,1028915.9046437148,synthetic_ground_truth
4448,3745686.446551963,synthetic_ground_truth
4449,7115820.898980415,synthetic_ground_truth
4450,17123175.75786253,synthetic_ground_truth
4451,10593761.66173702,synthetic_ground_truth
4452,3742644.66037732,synthetic_ground_truth
4453,4995100.023406127,synthetic_ground_truth
4454,3183682.647045715,synthetic_ground_truth
4455,14578845.743358716,synthetic_ground_truth
4456,10151930.06914296,synthetic_ground_truth
4457,18988125.013985105,synthetic_ground_truth
4458,1783345.8909375549,synthetic_ground_truth
4459,7144852.495242421,synthetic_ground_truth
4460,83330101.19833592,synthetic_ground_truth
4461,20793440.12901516,synthetic_ground_truth
4462,7433521.054022606,synthetic_ground_truth
4463,3662453.759185076,synthetic_ground_truth
4464,35672529.810348645,synthetic_ground_truth
4465,54810026.82660562,synthetic_ground_truth
4466,3514393.847736591,synthetic_ground_truth
4467,3717707.9773753895,synthetic_ground_truth
4468,14887488.108296027,synthetic_ground_truth
4469,15115652.95569871,synthetic_ground_truth
4470,16040461.675879978,synthetic_ground_truth
4471,62794844.95849594,synthetic_ground_truth
4472,4176590.176131901,synthetic_ground_truth
4473,12967045.735258074,synthetic_ground_truth
4474,20664240.920252867,synthetic_ground_truth
4475,22537669.5191253,synthetic_ground_truth
4476,6588175.917507589,synthetic_ground_truth
4477,5566264.927554141,synthetic_ground_truth
4478,7387721.70758987,synthetic_ground_truth
4479,54495034.81567575,synthetic_ground_truth
4480,4221013.555764765,synthetic_ground_truth
4481,7361704.840803798,synthetic_ground_truth
4482,23400207.759250917,synthetic_ground_truth
4483,3418397.5172679843,synthetic_ground_truth
4484,13375034.231538936,synthetic_ground_truth
4485,1513472.146606329,synthetic_ground_truth
4486,12258569.992055409,synthetic_ground_truth
4487,10539773.263551848,synthetic_ground_truth
4488,12245090.558185363,synthetic_ground_truth
4489,4314121.40804432,synthetic_ground_truth
4490,12170770.787111675,synthetic_ground_truth
4491,11518427.586289596,synthetic_ground_truth
4492,37240220.96392692,synthetic_ground_truth
4493,20460674.56283912,synthetic_ground_truth
4494,2900859.0185565404,synthetic_ground_truth
4495,4983826.99319064,synthetic_ground_truth
4496,5289640.255719282,synthetic_ground_truth
4497,11862866.17350072,synthetic_ground_truth
4498,9303113.967819806,synthetic_ground_truth
4499,8807042.662301159,synthetic_ground_truth
4500,198672501.64240596,synthetic_ground_truth
4501,5790349.099609764,synthetic_ground_truth
4502,38804169.28383915,synthetic_ground_truth
4503,9947251.461398482,synthetic_ground_truth
4504,1214160.6086510038,synthetic_ground_truth
4505,12371181.6404822,synthetic_ground_truth
4506,33709533.63163641,synthetic_ground_truth
4507,22589363.999528684,synthetic_ground_truth
4508,17032824.8385052,synthetic_ground_truth
4509,10458798.29373767,synthetic_ground_truth
4510,6583851.08536263,synthetic_ground_truth
4511,26932226.431529712,synthetic_ground_truth
4512,6613133.325034363,synthetic_ground_truth
4513,6403302.284515052,synthetic_ground_truth
4514,17827942.538586885,synthetic_ground_truth
4515,7185057.710507969,synthetic_ground_truth
4516,34762479.41205514,synthetic_ground_truth
4517,17424215.635046482,synthetic_ground_truth
4518,6066959.672619301,synthetic_ground_truth
4519,3707033.08054401,synthetic_ground_truth
4520,6181989.913049125,synthetic_ground_truth
4521,114962785.34892434,synthetic_ground_truth
4522,8436032.313727422,synthetic_ground_truth
4523,27558068.749595083,synthetic_ground_truth
4524,3498396.437655559,synthetic_ground_truth
4525,3398757.76406873,synthetic_ground_truth
4526,9210141.432819717,synthetic_ground_truth
4527,69557578.54288563,synthetic_ground_truth
4528,2763783.554174522,synthetic_ground_truth
4529,6704123.34874041,synthetic_ground_truth
4530,28363715.286897983,synthetic_ground_truth
4531,50295420.70522219,synthetic_ground_truth
4532,16413680.763987506,synthetic_ground_truth
4533,23255193.014096964,synthetic_ground_truth
4534,4751800.48151941,synthetic_ground_truth
4535,2764156.91965668,synthetic_ground_truth
4536,3378581.6327150925,synthetic_ground_truth
4537,4465809.06310738,synthetic_ground_truth
4538,15679683.699712604,synthetic_ground_truth
4539,3133341.9510050653,synthetic_ground_truth
4540,13231298.259875163,synthetic_ground_truth
4541,7944775.697933226,synthetic_ground_truth
4542,6157883.643666212,synthetic_ground_truth
4543,28775325.92348665,synthetic_ground_truth
4544,3857971.434242901,synthetic_ground_truth
4545,53029461.149564624,synthetic_ground_truth
4546,26884607.44585737,synthetic_ground_truth
4547,4028224.144231762,synthetic_ground_truth
4548,32921291.72177376,synthetic_ground_truth
4549,4101099.429156031,synthetic_ground_truth
4550,40298802.71002898,synthetic_ground_truth
4551,13516317.578213483,synthetic_ground_truth
4552,2344827.8020055573,synthetic_ground_truth
4553,2861894.365311255,synthetic_ground_truth
4554,8258704.904813106,synthetic_ground_truth
4555,24827676.399384946,synthetic_ground_truth
4556,8700857.130111272,synthetic_ground_truth
4557,8911098.007036727,synthetic_ground_truth
4558,11601872.57417402,synthetic_ground_truth
4559,1452861.14462985,synthetic_ground_truth
4560,26156792.49317136,synthetic_ground_truth
4561,45906931.572184384,synthetic_ground_truth
4562,27138903.777466737,synthetic_ground_truth
4563,6489539.909010639,synthetic_ground_truth
4564,4056694.5951077696,synthetic_ground_truth
4565,4419494.148021178,synthetic_ground_truth
4566,4000109.221406812,synthetic_ground_truth
4567,101993785.16432528,synthetic_ground_truth
4568,9625597.857258394,synthetic_ground_truth
4569,24233383.50755904,synthetic_ground_truth
4570,25144822.79944831,synthetic_ground_truth
4571,14119991.427118504,synthetic_ground_truth
4572,4123572.023317193,synthetic_ground_truth
4573,20089433.60520266,synthetic_ground_truth
4574,3755199.257770848,synthetic_ground_truth
4575,19964670.100134254,synthetic_ground_truth
4576,4323954.822790641,synthetic_ground_truth
4577,6716981.902428335,synthetic_ground_truth
4578,7121646.209539309,synthetic_ground_truth
4579,42508716.61513154,synthetic_ground_truth
4580,954108.9854740476,synthetic_ground_truth
4581,112946590.17462385,synthetic_ground_truth
4582,4785002.783143766,synthetic_ground_truth
4583,8689563.035062237,synthetic_ground_truth
4584,14801837.404943166,synthetic_ground_truth
4585,17318152.860185087,synthetic_ground_truth
4586,27807823.06849387,synthetic_ground_truth
4587,18560578.08231624,synthetic_ground_truth
4588,76165854.13562682,synthetic_ground_truth
4589,20081108.65904008,synthetic_ground_truth
4590,9104821.925016392,synthetic_ground_truth
4591,5751292.166985467,synthetic_ground_truth
4592,6418389.229785244,synthetic_ground_truth
4593,39246676.8429126,synthetic_ground_truth
4594,63978587.60809283,synthetic_ground_truth
4595,31621855.45724747,synthetic_ground_truth
4596,468295.6863565763,synthetic_ground_truth
4597,1042872.1398456702,synthetic_ground_truth
4598,12562490.199033575,synthetic_ground_truth
4599,8679408.483237246,synthetic_ground_truth
4600,10592035.9259531,synthetic_ground_truth
4601,37281922.15309135,synthetic_ground_truth
4602,36103616.76960905,synthetic_ground_truth
4603,12774376.205679638,synthetic_ground_truth
4604,2226815.6037146845,synthetic_ground_truth
4605,3166284.1402441706,synthetic_ground_truth
4606,11185265.019720834,synthetic_ground_truth
4607,15393902.693223968,synthetic_ground_truth
4608,3124406.683317221,synthetic_ground_truth
4609,18606505.11033305,synthetic_ground_truth
4610,1782184.3549713823,synthetic_ground_truth
4611,723335.6550937155,synthetic_ground_truth
4612,4628861.598367944,synthetic_ground_truth
4613,42945613.73920887,synthetic_ground_truth
4614,49298383.01847507,synthetic_ground_truth
4615,2202979.8639359856,synthetic_ground_truth
4616,2168698.535524495,synthetic_ground_truth
4617,23508278.651918888,synthetic_ground_truth
4618,7124968.782387273,synthetic_ground_truth
4619,43819512.5194996,synthetic_ground_truth
4620,22527549.210099712,synthetic_ground_truth
4621,27718536.766740877,synthetic_ground_truth
4622,4989617.889993932,synthetic_ground_truth
4623,15351221.128455542,synthetic_ground_truth
4624,89958503.39730045,synthetic_ground_truth
4625,12060838.070334176,synthetic_ground_truth
4626,9516017.893172557,synthetic_ground_truth
4627,6798102.265166441,synthetic_ground_truth
4628,1936934.2887126084,synthetic_ground_truth
4629,4099621.5095751863,synthetic_ground_truth
4630,4518111.010398951,synthetic_ground_truth
4631,2078550.3940124,synthetic_ground_truth
4632,2176353.661635871,synthetic_ground_truth
4633,839363.2554422047,synthetic_ground_truth
4634,4569000.3632154185,synthetic_ground_truth
4635,20441561.585243832,synthetic_ground_truth
4636,7295399.372262518,synthetic_ground_truth
4637,9335378.458979072,synthetic_ground_truth
4638,28378547.775675,synthetic_ground_truth
4639,53499629.310899325,synthetic_ground_truth
4640,93318883.6538967,synthetic_ground_truth
4641,11247981.214051062,synthetic_ground_truth
4642,8211576.485753148,synthetic_ground_truth
4643,6408309.766484617,synthetic_ground_truth
4644,19495820.99692088,synthetic_ground_truth
4645,8765373.841029136,synthetic_ground_truth
4646,9840670.917540656,synthetic_ground_truth
4647,9877148.923578544,synthetic_ground_truth
4648,3941617.039384761,synthetic_ground_truth
4649,1057884.7409484317,synthetic_ground_truth
4650,4993469.954857408,synthetic_ground_truth
4651,46171898.06101646,synthetic_ground_truth
4652,45265017.83706252,synthetic_ground_truth
4653,25243107.95312451,synthetic_ground_truth
4654,6401175.204793008,synthetic_ground_truth
4655,5598218.304460837,synthetic_ground_truth
4656,49811459.845591016,synthetic_ground_truth
4657,3544188.365861864,synthetic_ground_truth
4658,10405665.09484261,synthetic_ground_truth
4659,58531768.18583706,synthetic_ground_truth
4660,11895531.249922669,synthetic_ground_truth
4661,7648223.427944393,synthetic_ground_truth
4662,34407613.53138331,synthetic_ground_truth
4663,11575162.730303556,synthetic_ground_truth
4664,12090405.555339009,synthetic_ground_truth
4665,43848329.29184756,synthetic_ground_truth
4666,784574.5646957419,synthetic_ground_truth
4667,18544155.411758024,synthetic_ground_truth
4668,5354240.603712896,synthetic_ground_truth
4669,9219572.835175466,synthetic_ground_truth
4670,13560752.136500988,synthetic_ground_truth
4671,5197590.3111246135,synthetic_ground_truth
4672,15608794.017381571,synthetic_ground_truth
4673,15172022.40660124,synthetic_ground_truth
4674,12350616.411033018,synthetic_ground_truth
4675,12808180.619258275,synthetic_ground_truth
4676,9672524.033160174,synthetic_ground_truth
4677,9666293.668400332,synthetic_ground_truth
4678,11570096.587471344,synthetic_ground_truth
4679,3859765.521062694,synthetic_ground_truth
4680,39839831.4085464,synthetic_ground_truth
4681,10535201.498357495,synthetic_ground_truth
4682,7142936.340475803,synthetic_ground_truth
4683,16029235.283387825,synthetic_ground_truth
4684,8940930.66207304,synthetic_ground_truth
4685,40142773.86488544,synthetic_ground_truth
4686,26373546.16548215,synthetic_ground_truth
4687,14036904.37272127,synthetic_ground_truth
4688,28500065.30870592,synthetic_ground_truth
4689,13619512.380498888,synthetic_ground_truth
4690,3496301.370218297,synthetic_ground_truth
4691,30860729.952758577,synthetic_ground_truth
4692,1554344.4098825722,synthetic_ground_truth
4693,362927.92534337257,synthetic_ground_truth
4694,21926368.43484145,synthetic_ground_truth
4695,17853042.966223054,synthetic_ground_truth
4696,15352126.205785695,synthetic_ground_truth
4697,39484872.262315154,synthetic_ground_truth
4698,10845380.8378507,synthetic_ground_truth
4699,7317392.637109889,synthetic_ground_truth
4700,28068705.745076027,synthetic_ground_truth
4701,5454117.960214518,synthetic_ground_truth
4702,9097537.071663843,synthetic_ground_truth
4703,13273223.52144502,synthetic_ground_truth
4704,14277663.84243914,synthetic_ground_truth
4705,7032046.031215941,synthetic_ground_truth
4706,6025244.511263563,synthetic_ground_truth
4707,4101693.187664216,synthetic_ground_truth
4708,4419867.568447152,synthetic_ground_truth
4709,68381903.25027618,synthetic_ground_truth
4710,7762888.759527483,synthetic_ground_truth
4711,14229801.847255506,synthetic_ground_truth
4712,2548856.7384463134,synthetic_ground_truth
4713,154093197.38162693,synthetic_ground_truth
4714,4523672.930595589,synthetic_ground_truth
4715,3437431.344296776,synthetic_ground_truth
4716,9320106.445829676,synthetic_ground_truth
4717,4655284.385975266,synthetic_ground_truth
4718,14149073.710154792,synthetic_ground_truth
4719,2319800.9760420634,synthetic_ground_truth
4720,34592200.97909249,synthetic_ground_truth
4721,30098042.085569765,synthetic_ground_truth
4722,11050154.974923298,synthetic_ground_truth
4723,2075917.311265289,synthetic_ground_truth
4724,4484419.38907312,synthetic_ground_truth
4725,11209776.590826737,synthetic_ground_truth
4726,3215248.979666947,synthetic_ground_truth
4727,4199327.8028808255,synthetic_ground_truth
4728,30314201.60621918,synthetic_ground_truth
4729,12693609.206237042,synthetic_ground_truth
4730,13898131.071472662,synthetic_ground_truth
4731,17234239.771456517,synthetic_ground_truth
4732,9125037.32313713,synthetic_ground_truth
4733,9752120.45349209,synthetic_ground_truth
4734,17064873.173083954,synthetic_ground_truth
4735,25051598.716027737,synthetic_ground_truth
4736,20543598.55315394,synthetic_ground_truth
4737,57048352.49091861,synthetic_ground_truth
4738,10557789.530780848,synthetic_ground_truth
4739,3269590.8406329043,synthetic_ground_truth
4740,36885427.14646161,synthetic_ground_truth
4741,8655730.16807298,synthetic_ground_truth
4742,5384552.521444625,synthetic_ground_truth
4743,26333756.91119792,synthetic_ground_truth
4744,15841231.942527227,synthetic_ground_truth
4745,3482350.489771009,synthetic_ground_truth
4746,21585049.329956133,synthetic_ground_truth
4747,63859124.36355573,synthetic_ground_truth
4748,14764236.466948044,synthetic_ground_truth
4749,7837306.173664537,synthetic_ground_truth
4750,1933446.4048907456,synthetic_ground_truth
4751,82693289.88397068,synthetic_ground_truth
4752,6367228.777086668,synthetic_ground_truth
4753,2816063.588906935,synthetic_ground_truth
4754,13464089.07892153,synthetic_ground_truth
4755,35749868.840843625,synthetic_ground_truth
4756,35085363.56380316,synthetic_ground_truth
4757,6006801.878326759,synthetic_ground_truth
4758,9567413.516230524,synthetic_ground_truth
4759,10804107.116238682,synthetic_ground_truth
4760,28110942.5364202,synthetic_ground_truth
4761,22687150.14248756,synthetic_ground_truth
4762,14269974.16601431,synthetic_ground_truth
4763,28654578.79682812,synthetic_ground_truth
4764,2459610.835834793,synthetic_ground_truth
4765,18599094.80949732,synthetic_ground_truth
4766,14753829.510683233,synthetic_ground_truth
4767,9988525.031895256,synthetic_ground_truth
4768,8825487.971778933,synthetic_ground_truth
4769,11645775.649367604,synthetic_ground_truth
4770,5838436.413077824,synthetic_ground_truth
4771,196983539.2871455,synthetic_ground_truth
4772,52699290.63865368,synthetic_ground_truth
4773,31922282.254444487,synthetic_ground_truth
4774,6965381.210251204,synthetic_ground_truth
4775,3901618.115679524,synthetic_ground_truth
4776,7822941.801212657,synthetic_ground_truth
4777,13425389.927119851,synthetic_ground_truth
4778,2476970.366944793,synthetic_ground_truth
4779,17968863.279204324,synthetic_ground_truth
4780,36379180.81663852,synthetic_ground_truth
4781,1286727.1583309483,synthetic_ground_truth
4782,3912838.936840511,synthetic_ground_truth
4783,35911622.03656013,synthetic_ground_truth
4784,17708321.58817917,synthetic_ground_truth
4785,5267463.437930403,synthetic_ground_truth
4786,21689677.13536833,synthetic_ground_truth
4787,5350594.847796182,synthetic_ground_truth
4788,8302538.420079942,synthetic_ground_truth
4789,3181327.710042143,synthetic_ground_truth
4790,9788917.558428464,synthetic_ground_truth
4791,35026170.84388981,synthetic_ground_truth
4792,7331552.4782975875,synthetic_ground_truth
4793,21363176.27544568,synthetic_ground_truth
4794,9479928.178016394,synthetic_ground_truth
4795,28888232.82512507,synthetic_ground_truth
4796,6669161.437037815,synthetic_ground_truth
4797,47481101.34660467,synthetic_ground_truth
4798,21101854.83655706,synthetic_ground_truth
4799,13368035.577341825,synthetic_ground_truth
4800,13457516.87776347,synthetic_ground_truth
4801,6735632.295694546,synthetic_ground_truth
4802,6288327.901426874,synthetic_ground_truth
4803,13568482.220961832,synthetic_ground_truth
4804,3615331.738543787,synthetic_ground_truth
4805,6431926.896237838,synthetic_ground_truth
4806,4263007.739630022,synthetic_ground_truth
4807,21273836.12253006,synthetic_ground_truth
4808,19607530.93924785,synthetic_ground_truth
4809,44064501.37176476,synthetic_ground_truth
4810,7970763.917381484,synthetic_ground_truth
4811,4888815.405466941,synthetic_ground_truth
4812,2652345.290893747,synthetic_ground_truth
4813,15944881.247919224,synthetic_ground_truth
4814,44497465.91018859,synthetic_ground_truth
4815,10262731.834634503,synthetic_ground_truth
4816,12511264.934147589,synthetic_ground_truth
4817,10299681.434034709,synthetic_ground_truth
4818,12418606.217962123,synthetic_ground_truth
4819,29781016.473028246,synthetic_ground_truth
4820,75765886.45866191,synthetic_ground_truth
4821,17039994.633456357,synthetic_ground_truth
4822,21028808.537874267,synthetic_ground_truth
4823,8431034.806333033,synthetic_ground_truth
4824,9045419.327825028,synthetic_ground_truth
4825,9863838.02721507,synthetic_ground_truth
4826,7959538.572605101,synthetic_ground_truth
4827,11952187.226209382,synthetic_ground_truth
4828,18080691.56957425,synthetic_ground_truth
4829,13141002.322946442,synthetic_ground_truth
4830,8818378.653124379,synthetic_ground_truth
4831,12659143.76975244,synthetic_ground_truth
4832,3860554.969600521,synthetic_ground_truth
4833,27474589.85040959,synthetic_ground_truth
4834,7717421.111451511,synthetic_ground_truth
4835,4060994.6626568,synthetic_ground_truth
4836,15656404.458985314,synthetic_ground_truth
4837,17143760.0015311,synthetic_ground_truth
4838,4516317.122557643,synthetic_ground_truth
4839,22245964.704429906,synthetic_ground_truth
4840,20458838.140358977,synthetic_ground_truth
4841,78465485.8877382,synthetic_ground_truth
4842,8261316.441929255,synthetic_ground_truth
4843,10008634.09352848,synthetic_ground_truth
4844,5315073.14374694,synthetic_ground_truth
4845,20192786.53781384,synthetic_ground_truth
4846,10895549.2444508,synthetic_ground_truth
4847,30402807.141589727,synthetic_ground_truth
4848,7245271.483974295,synthetic_ground_truth
4849,16634730.439048398,synthetic_ground_truth
4850,7584056.105077654,synthetic_ground_truth
4851,1607029.258198229,synthetic_ground_truth
4852,21791552.54066608,synthetic_ground_truth
4853,2182061.67067293,synthetic_ground_truth
4854,9146831.268119978,synthetic_ground_truth
4855,9118710.10357986,synthetic_ground_truth
4856,11053526.42081747,synthetic_ground_truth
4857,10559927.09625366,synthetic_ground_truth
4858,11899074.361270152,synthetic_ground_truth
4859,16948553.672474522,synthetic_ground_truth
4860,9464105.195812298,synthetic_ground_truth
4861,136089022.5614839,synthetic_ground_truth
4862,8401502.07380132,synthetic_ground_truth
4863,3194267.016876184,synthetic_ground_truth
4864,2834219.5449721185,synthetic_ground_truth
4865,21187671.29606823,synthetic_ground_truth
4866,2044101.832579924,synthetic_ground_truth
4867,3226672.1204286544,synthetic_ground_truth
4868,3387042.482209144,synthetic_ground_truth
4869,15965236.856874734,synthetic_ground_truth
4870,43792680.47893261,synthetic_ground_truth
4871,4274228.352774103,synthetic_ground_truth
4872,17949102.207265474,synthetic_ground_truth
4873,722822.3798726567,synthetic_ground_truth
4874,5126741.630110756,synthetic_ground_truth
4875,18102692.22557777,synthetic_ground_truth
4876,8901199.16488424,synthetic_ground_truth
4877,29524099.96633601,synthetic_ground_truth
4878,1367811.184002351,synthetic_ground_truth
4879,5466058.384065267,synthetic_ground_truth
4880,17435094.301962137,synthetic_ground_truth
4881,15826389.31851554,synthetic_ground_truth
4882,16535057.10998144,synthetic_ground_truth
4883,13675240.842730926,synthetic_ground_truth
4884,3946345.2009470873,synthetic_ground_truth
4885,4758731.493243307,synthetic_ground_truth
4886,110795623.81072092,synthetic_ground_truth
4887,2855446.5264707897,synthetic_ground_truth
4888,2536140.848748172,synthetic_ground_truth
4889,21682778.77177251,synthetic_ground_truth
4890,4268839.47409237,synthetic_ground_truth
4891,66215268.57459085,synthetic_ground_truth
4892,184282597.4234037,synthetic_ground_truth
4893,9991267.162010878,synthetic_ground_truth
4894,13939588.859732136,synthetic_ground_truth
4895,1896617.5883206904,synthetic_ground_truth
4896,31802946.34171054,synthetic_ground_truth
4897,1058346.61969516,synthetic_ground_truth
4898,2587394.283091336,synthetic_ground_truth
4899,14317993.333739072,synthetic_ground_truth
4900,18883990.35004265,synthetic_ground_truth
4901,2226503.93842616,synthetic_ground_truth
4902,6279188.800296661,synthetic_ground_truth
4903,1921763.554459266,synthetic_ground_truth
4904,9381107.19107101,synthetic_ground_truth
4905,4694378.173022408,synthetic_ground_truth
4906,5713705.442226273,synthetic_ground_truth
4907,23723685.080289595,synthetic_ground_truth
4908,12920068.157925991,synthetic_ground_truth
4909,17609408.936200544,synthetic_ground_truth
4910,8995966.38179277,synthetic_ground_truth
4911,23293894.706147514,synthetic_ground_truth
4912,10518596.822159214,synthetic_ground_truth
4913,6203363.39283815,synthetic_ground_truth
4914,19691810.8638472,synthetic_ground_truth
4915,8184351.242238335,synthetic_ground_truth
4916,8167804.62224203,synthetic_ground_truth
4917,36108394.64319284,synthetic_ground_truth
4918,30639133.68829941,synthetic_ground_truth
4919,7892508.243903707,synthetic_ground_truth
4920,24424553.59722085,synthetic_ground_truth
4921,2944827.559737523,synthetic_ground_truth
4922,7900217.275705427,synthetic_ground_truth
4923,4787255.177814161,synthetic_ground_truth
4924,9643277.179843867,synthetic_ground_truth
4925,25137222.899336185,synthetic_ground_truth
4926,19719520.570249397,synthetic_ground_truth
4927,18936682.46810589,synthetic_ground_truth
4928,13187522.119333684,synthetic_ground_truth
4929,10056096.285502262,synthetic_ground_truth
4930,36084349.64162642,synthetic_ground_truth
4931,2077141.3460950705,synthetic_ground_truth
4932,4970404.217570353,synthetic_ground_truth
4933,14844908.496484682,synthetic_ground_truth
4934,50307851.7790467,synthetic_ground_truth
4935,7098380.013873429,synthetic_ground_truth
4936,7883038.349513526,synthetic_ground_truth
4937,2897573.4503039247,synthetic_ground_truth
4938,7125463.245819562,synthetic_ground_truth
4939,20876879.555782262,synthetic_ground_truth
4940,59612589.74531119,synthetic_ground_truth
4941,7551323.812455966,synthetic_ground_truth
4942,4385655.921678836,synthetic_ground_truth
4943,12553213.669273077,synthetic_ground_truth
4944,2570236.8896287205,synthetic_ground_truth
4945,38393820.71593346,synthetic_ground_truth
4946,3680695.789278376,synthetic_ground_truth
4947,13808238.37655434,synthetic_ground_truth
4948,13330424.21615225,synthetic_ground_truth
4949,23351000.881084397,synthetic_ground_truth
4950,12591230.508001797,synthetic_ground_truth
4951,11093996.476477643,synthetic_ground_truth
4952,18004652.803916737,synthetic_ground_truth
4953,25708632.22894472,synthetic_ground_truth
4954,72788669.58729264,synthetic_ground_truth
4955,3404702.5853726035,synthetic_ground_truth
4956,1606019.5673999873,synthetic_ground_truth
4957,2328098.710471864,synthetic_ground_truth
4958,1719379.0421146825,synthetic_ground_truth
4959,3896038.1624126663,synthetic_ground_truth
4960,3040530.611670509,synthetic_ground_truth
4961,6907184.254523719,synthetic_ground_truth
4962,24315577.1566657,synthetic_ground_truth
4963,20722220.64412472,synthetic_ground_truth
4964,5617425.977850515,synthetic_ground_truth
4965,5695685.686864727,synthetic_ground_truth
4966,76184922.83071415,synthetic_ground_truth
4967,20476973.514946114,synthetic_ground_truth
4968,11685967.094629005,synthetic_ground_truth
4969,12201861.047030224,synthetic_ground_truth
4970,7417357.254955346,synthetic_ground_truth
4971,96027821.066608,synthetic_ground_truth
4972,9742316.935985783,synthetic_ground_truth
4973,13466587.243249444,synthetic_ground_truth
4974,2216512.307757846,synthetic_ground_truth
4975,6354495.221639741,synthetic_ground_truth
4976,6705112.946243706,synthetic_ground_truth
4977,16601151.1632045,synthetic_ground_truth
4978,4910985.979832689,synthetic_ground_truth
4979,11999519.299712244,synthetic_ground_truth
4980,6241458.995168225,synthetic_ground_truth
4981,3420054.769072175,synthetic_ground_truth
4982,4045938.3421533946,synthetic_ground_truth
4983,10876356.69169042,synthetic_ground_truth
4984,12267802.92258119,synthetic_ground_truth
4985,8628786.814052882,synthetic_ground_truth
4986,4286078.076960001,synthetic_ground_truth
4987,10200489.320899758,synthetic_ground_truth
4988,7728072.954246741,synthetic_ground_truth
4989,4096407.794237503,synthetic_ground_truth
4990,12344380.7444266,synthetic_ground_truth
4991,75106764.4553298,synthetic_ground_truth
4992,8717641.059053317,synthetic_ground_truth
4993,2616033.3373509627,synthetic_ground_truth
4994,43351181.67405158,synthetic_ground_truth
4995,33844851.806434855,synthetic_ground_truth
4996,42129984.37130636,synthetic_ground_truth
4997,9450188.397719882,synthetic_ground_truth
4998,4663553.750820641,synthetic_ground_truth
4999,4082648.289005367,synthetic_ground_truth
5000,32076657.07341179,synthetic_ground_truth
